新文件名,原文件名,源照片,位置(1左上 2右上 3左下 4右下)
sxs2026092200001.jpg,IMG_0766_1.jpg,IMG_0766.HEIC,1
sxs2026092200002.jpg,IMG_0782_2.jpg,IMG_0782.HEIC,2
sxs2026092200003.jpg,IMG_0481_4.jpg,IMG_0481.HEIC,4
sxs2026092200004.jpg,IMG_0641_2.jpg,IMG_0641.HEIC,2
sxs2026092200005.jpg,IMG_0558_4.jpg,IMG_0558.HEIC,4
sxs2026092200006.jpg,IMG_0500_3.jpg,IMG_0500.HEIC,3
sxs2026092200007.jpg,IMG_0628_2.jpg,IMG_0628.HEIC,2
sxs2026092200008.jpg,IMG_0489_3.jpg,IMG_0489.HEIC,3
sxs2026092200009.jpg,IMG_0667_2.jpg,IMG_0667.HEIC,2
sxs2026092200010.jpg,IMG_0640_2.jpg,IMG_0640.HEIC,2
sxs2026092200011.jpg,IMG_0643_1.jpg,IMG_0643.HEIC,1
sxs2026092200012.jpg,IMG_0633_4.jpg,IMG_0633.HEIC,4
sxs2026092200013.jpg,IMG_0482_1.jpg,IMG_0482.HEIC,1
sxs2026092200014.jpg,IMG_0690_3.jpg,IMG_0690.HEIC,3
sxs2026092200015.jpg,IMG_0625_2.jpg,IMG_0625.HEIC,2
sxs2026092200016.jpg,IMG_0504_1.jpg,IMG_0504.HEIC,1
sxs2026092200017.jpg,IMG_0714_4.jpg,IMG_0714.HEIC,4
sxs2026092200018.jpg,IMG_0602_2.jpg,IMG_0602.HEIC,2
sxs2026092200019.jpg,IMG_0591_3.jpg,IMG_0591.HEIC,3
sxs2026092200020.jpg,IMG_0589_2.jpg,IMG_0589.HEIC,2
sxs2026092200021.jpg,IMG_0717_3.jpg,IMG_0717.HEIC,3
sxs2026092200022.jpg,IMG_0791_2.jpg,IMG_0791.HEIC,2
sxs2026092200023.jpg,IMG_0651_4.jpg,IMG_0651.HEIC,4
sxs2026092200024.jpg,IMG_0638_3.jpg,IMG_0638.HEIC,3
sxs2026092200025.jpg,IMG_0775_1.jpg,IMG_0775.HEIC,1
sxs2026092200026.jpg,IMG_0644_2.jpg,IMG_0644.HEIC,2
sxs2026092200027.jpg,IMG_0684_1.jpg,IMG_0684.HEIC,1
sxs2026092200028.jpg,IMG_0472_2.jpg,IMG_0472.HEIC,2
sxs2026092200029.jpg,IMG_0590_3.jpg,IMG_0590.HEIC,3
sxs2026092200030.jpg,IMG_0597_2.jpg,IMG_0597.HEIC,2
sxs2026092200031.jpg,IMG_0530_4.jpg,IMG_0530.HEIC,4
sxs2026092200032.jpg,IMG_0600_1.jpg,IMG_0600.HEIC,1
sxs2026092200033.jpg,IMG_0553_4.jpg,IMG_0553.HEIC,4
sxs2026092200034.jpg,IMG_0537_4.jpg,IMG_0537.HEIC,4
sxs2026092200035.jpg,IMG_0573_2.jpg,IMG_0573.HEIC,2
sxs2026092200036.jpg,IMG_0494_1.jpg,IMG_0494.HEIC,1
sxs2026092200037.jpg,IMG_0523_3.jpg,IMG_0523.HEIC,3
sxs2026092200038.jpg,IMG_0710_1.jpg,IMG_0710.HEIC,1
sxs2026092200039.jpg,IMG_0650_1.jpg,IMG_0650.HEIC,1
sxs2026092200040.jpg,IMG_0489_4.jpg,IMG_0489.HEIC,4
sxs2026092200041.jpg,IMG_0770_3.jpg,IMG_0770.HEIC,3
sxs2026092200042.jpg,IMG_0608_3.jpg,IMG_0608.HEIC,3
sxs2026092200043.jpg,IMG_0604_4.jpg,IMG_0604.HEIC,4
sxs2026092200044.jpg,IMG_0652_4.jpg,IMG_0652.HEIC,4
sxs2026092200045.jpg,IMG_0675_2.jpg,IMG_0675.HEIC,2
sxs2026092200046.jpg,IMG_0494_4.jpg,IMG_0494.HEIC,4
sxs2026092200047.jpg,IMG_0695_3.jpg,IMG_0695.HEIC,3
sxs2026092200048.jpg,IMG_0682_4.jpg,IMG_0682.HEIC,4
sxs2026092200049.jpg,IMG_0506_2.jpg,IMG_0506.HEIC,2
sxs2026092200050.jpg,IMG_0785_4.jpg,IMG_0785.HEIC,4
sxs2026092200051.jpg,IMG_0565_4.jpg,IMG_0565.HEIC,4
sxs2026092200052.jpg,IMG_0648_1.jpg,IMG_0648.HEIC,1
sxs2026092200053.jpg,IMG_0677_1.jpg,IMG_0677.HEIC,1
sxs2026092200054.jpg,IMG_0771_2.jpg,IMG_0771.HEIC,2
sxs2026092200055.jpg,IMG_0665_3.jpg,IMG_0665.HEIC,3
sxs2026092200056.jpg,IMG_0790_4.jpg,IMG_0790.HEIC,4
sxs2026092200057.jpg,IMG_0751_3.jpg,IMG_0751.HEIC,3
sxs2026092200058.jpg,IMG_0564_1.jpg,IMG_0564.HEIC,1
sxs2026092200059.jpg,IMG_0591_1.jpg,IMG_0591.HEIC,1
sxs2026092200060.jpg,IMG_0625_4.jpg,IMG_0625.HEIC,4
sxs2026092200061.jpg,IMG_0617_2.jpg,IMG_0617.HEIC,2
sxs2026092200062.jpg,IMG_0515_2.jpg,IMG_0515.HEIC,2
sxs2026092200063.jpg,IMG_0634_2.jpg,IMG_0634.HEIC,2
sxs2026092200064.jpg,IMG_0604_1.jpg,IMG_0604.HEIC,1
sxs2026092200065.jpg,IMG_0487_4.jpg,IMG_0487.HEIC,4
sxs2026092200066.jpg,IMG_0652_3.jpg,IMG_0652.HEIC,3
sxs2026092200067.jpg,IMG_0563_3.jpg,IMG_0563.HEIC,3
sxs2026092200068.jpg,IMG_0747_2.jpg,IMG_0747.HEIC,2
sxs2026092200069.jpg,IMG_0726_4.jpg,IMG_0726.HEIC,4
sxs2026092200070.jpg,IMG_0485_4.jpg,IMG_0485.HEIC,4
sxs2026092200071.jpg,IMG_0728_2.jpg,IMG_0728.HEIC,2
sxs2026092200072.jpg,IMG_0657_3.jpg,IMG_0657.HEIC,3
sxs2026092200073.jpg,IMG_0725_1.jpg,IMG_0725.HEIC,1
sxs2026092200074.jpg,IMG_0626_4.jpg,IMG_0626.HEIC,4
sxs2026092200075.jpg,IMG_0728_4.jpg,IMG_0728.HEIC,4
sxs2026092200076.jpg,IMG_0499_1.jpg,IMG_0499.HEIC,1
sxs2026092200077.jpg,IMG_0792_1.jpg,IMG_0792.HEIC,1
sxs2026092200078.jpg,IMG_0493_4.jpg,IMG_0493.HEIC,4
sxs2026092200079.jpg,IMG_0494_3.jpg,IMG_0494.HEIC,3
sxs2026092200080.jpg,IMG_0573_1.jpg,IMG_0573.HEIC,1
sxs2026092200081.jpg,IMG_0599_4.jpg,IMG_0599.HEIC,4
sxs2026092200082.jpg,IMG_0524_1.jpg,IMG_0524.HEIC,1
sxs2026092200083.jpg,IMG_0607_1.jpg,IMG_0607.HEIC,1
sxs2026092200084.jpg,IMG_0670_2.jpg,IMG_0670.HEIC,2
sxs2026092200085.jpg,IMG_0776_3.jpg,IMG_0776.HEIC,3
sxs2026092200086.jpg,IMG_0493_2.jpg,IMG_0493.HEIC,2
sxs2026092200087.jpg,IMG_0600_2.jpg,IMG_0600.HEIC,2
sxs2026092200088.jpg,IMG_0735_3.jpg,IMG_0735.HEIC,3
sxs2026092200089.jpg,IMG_0539_3.jpg,IMG_0539.HEIC,3
sxs2026092200090.jpg,IMG_0684_2.jpg,IMG_0684.HEIC,2
sxs2026092200091.jpg,IMG_0511_4.jpg,IMG_0511.HEIC,4
sxs2026092200092.jpg,IMG_0657_4.jpg,IMG_0657.HEIC,4
sxs2026092200093.jpg,IMG_0606_1.jpg,IMG_0606.HEIC,1
sxs2026092200094.jpg,IMG_0543_3.jpg,IMG_0543.HEIC,3
sxs2026092200095.jpg,IMG_0646_1.jpg,IMG_0646.HEIC,1
sxs2026092200096.jpg,IMG_0706_1.jpg,IMG_0706.HEIC,1
sxs2026092200097.jpg,IMG_0733_4.jpg,IMG_0733.HEIC,4
sxs2026092200098.jpg,IMG_0689_1.jpg,IMG_0689.HEIC,1
sxs2026092200099.jpg,IMG_0767_3.jpg,IMG_0767.HEIC,3
sxs2026092200100.jpg,IMG_0529_2.jpg,IMG_0529.HEIC,2
sxs2026092200101.jpg,IMG_0526_3.jpg,IMG_0526.HEIC,3
sxs2026092200102.jpg,IMG_0577_3.jpg,IMG_0577.HEIC,3
sxs2026092200103.jpg,IMG_0480_1.jpg,IMG_0480.HEIC,1
sxs2026092200104.jpg,IMG_0554_3.jpg,IMG_0554.HEIC,3
sxs2026092200105.jpg,IMG_0584_4.jpg,IMG_0584.HEIC,4
sxs2026092200106.jpg,IMG_0644_3.jpg,IMG_0644.HEIC,3
sxs2026092200107.jpg,IMG_0546_2.jpg,IMG_0546.HEIC,2
sxs2026092200108.jpg,IMG_0496_3.jpg,IMG_0496.HEIC,3
sxs2026092200109.jpg,IMG_0635_1.jpg,IMG_0635.HEIC,1
sxs2026092200110.jpg,IMG_0580_1.jpg,IMG_0580.HEIC,1
sxs2026092200111.jpg,IMG_0478_3.jpg,IMG_0478.HEIC,3
sxs2026092200112.jpg,IMG_0601_3.jpg,IMG_0601.HEIC,3
sxs2026092200113.jpg,IMG_0525_3.jpg,IMG_0525.HEIC,3
sxs2026092200114.jpg,IMG_0708_2.jpg,IMG_0708.HEIC,2
sxs2026092200115.jpg,IMG_0521_4.jpg,IMG_0521.HEIC,4
sxs2026092200116.jpg,IMG_0670_1.jpg,IMG_0670.HEIC,1
sxs2026092200117.jpg,IMG_0469_3.jpg,IMG_0469.HEIC,3
sxs2026092200118.jpg,IMG_0605_1.jpg,IMG_0605.HEIC,1
sxs2026092200119.jpg,IMG_0480_4.jpg,IMG_0480.HEIC,4
sxs2026092200120.jpg,IMG_0471_2.jpg,IMG_0471.HEIC,2
sxs2026092200121.jpg,IMG_0540_3.jpg,IMG_0540.HEIC,3
sxs2026092200122.jpg,IMG_0517_2.jpg,IMG_0517.HEIC,2
sxs2026092200123.jpg,IMG_0758_2.jpg,IMG_0758.HEIC,2
sxs2026092200124.jpg,IMG_0623_3.jpg,IMG_0623.HEIC,3
sxs2026092200125.jpg,IMG_0496_4.jpg,IMG_0496.HEIC,4
sxs2026092200126.jpg,IMG_0709_4.jpg,IMG_0709.HEIC,4
sxs2026092200127.jpg,IMG_0696_3.jpg,IMG_0696.HEIC,3
sxs2026092200128.jpg,IMG_0680_1.jpg,IMG_0680.HEIC,1
sxs2026092200129.jpg,IMG_0676_3.jpg,IMG_0676.HEIC,3
sxs2026092200130.jpg,IMG_0594_4.jpg,IMG_0594.HEIC,4
sxs2026092200131.jpg,IMG_0607_2.jpg,IMG_0607.HEIC,2
sxs2026092200132.jpg,IMG_0627_2.jpg,IMG_0627.HEIC,2
sxs2026092200133.jpg,IMG_0565_1.jpg,IMG_0565.HEIC,1
sxs2026092200134.jpg,IMG_0724_1.jpg,IMG_0724.HEIC,1
sxs2026092200135.jpg,IMG_0559_3.jpg,IMG_0559.HEIC,3
sxs2026092200136.jpg,IMG_0748_3.jpg,IMG_0748.HEIC,3
sxs2026092200137.jpg,IMG_0503_3.jpg,IMG_0503.HEIC,3
sxs2026092200138.jpg,IMG_0621_3.jpg,IMG_0621.HEIC,3
sxs2026092200139.jpg,IMG_0490_2.jpg,IMG_0490.HEIC,2
sxs2026092200140.jpg,IMG_0775_3.jpg,IMG_0775.HEIC,3
sxs2026092200141.jpg,IMG_0675_4.jpg,IMG_0675.HEIC,4
sxs2026092200142.jpg,IMG_0789_2.jpg,IMG_0789.HEIC,2
sxs2026092200143.jpg,IMG_0749_4.jpg,IMG_0749.HEIC,4
sxs2026092200144.jpg,IMG_0574_3.jpg,IMG_0574.HEIC,3
sxs2026092200145.jpg,IMG_0752_3.jpg,IMG_0752.HEIC,3
sxs2026092200146.jpg,IMG_0699_3.jpg,IMG_0699.HEIC,3
sxs2026092200147.jpg,IMG_0473_4.jpg,IMG_0473.HEIC,4
sxs2026092200148.jpg,IMG_0690_2.jpg,IMG_0690.HEIC,2
sxs2026092200149.jpg,IMG_0490_4.jpg,IMG_0490.HEIC,4
sxs2026092200150.jpg,IMG_0608_1.jpg,IMG_0608.HEIC,1
sxs2026092200151.jpg,IMG_0604_2.jpg,IMG_0604.HEIC,2
sxs2026092200152.jpg,IMG_0748_4.jpg,IMG_0748.HEIC,4
sxs2026092200153.jpg,IMG_0592_4.jpg,IMG_0592.HEIC,4
sxs2026092200154.jpg,IMG_0695_1.jpg,IMG_0695.HEIC,1
sxs2026092200155.jpg,IMG_0602_1.jpg,IMG_0602.HEIC,1
sxs2026092200156.jpg,IMG_0597_3.jpg,IMG_0597.HEIC,3
sxs2026092200157.jpg,IMG_0776_2.jpg,IMG_0776.HEIC,2
sxs2026092200158.jpg,IMG_0708_4.jpg,IMG_0708.HEIC,4
sxs2026092200159.jpg,IMG_0671_4.jpg,IMG_0671.HEIC,4
sxs2026092200160.jpg,IMG_0794_4.jpg,IMG_0794.HEIC,4
sxs2026092200161.jpg,IMG_0557_4.jpg,IMG_0557.HEIC,4
sxs2026092200162.jpg,IMG_0697_2.jpg,IMG_0697.HEIC,2
sxs2026092200163.jpg,IMG_0543_1.jpg,IMG_0543.HEIC,1
sxs2026092200164.jpg,IMG_0670_3.jpg,IMG_0670.HEIC,3
sxs2026092200165.jpg,IMG_0477_2.jpg,IMG_0477.HEIC,2
sxs2026092200166.jpg,IMG_0533_4.jpg,IMG_0533.HEIC,4
sxs2026092200167.jpg,IMG_0540_1.jpg,IMG_0540.HEIC,1
sxs2026092200168.jpg,IMG_0594_2.jpg,IMG_0594.HEIC,2
sxs2026092200169.jpg,IMG_0541_2.jpg,IMG_0541.HEIC,2
sxs2026092200170.jpg,IMG_0595_1.jpg,IMG_0595.HEIC,1
sxs2026092200171.jpg,IMG_0570_4.jpg,IMG_0570.HEIC,4
sxs2026092200172.jpg,IMG_0750_4.jpg,IMG_0750.HEIC,4
sxs2026092200173.jpg,IMG_0782_4.jpg,IMG_0782.HEIC,4
sxs2026092200174.jpg,IMG_0618_1.jpg,IMG_0618.HEIC,1
sxs2026092200175.jpg,IMG_0738_4.jpg,IMG_0738.HEIC,4
sxs2026092200176.jpg,IMG_0623_1.jpg,IMG_0623.HEIC,1
sxs2026092200177.jpg,IMG_0502_3.jpg,IMG_0502.HEIC,3
sxs2026092200178.jpg,IMG_0515_4.jpg,IMG_0515.HEIC,4
sxs2026092200179.jpg,IMG_0703_4.jpg,IMG_0703.HEIC,4
sxs2026092200180.jpg,IMG_0775_4.jpg,IMG_0775.HEIC,4
sxs2026092200181.jpg,IMG_0609_2.jpg,IMG_0609.HEIC,2
sxs2026092200182.jpg,IMG_0536_1.jpg,IMG_0536.HEIC,1
sxs2026092200183.jpg,IMG_0642_2.jpg,IMG_0642.HEIC,2
sxs2026092200184.jpg,IMG_0739_4.jpg,IMG_0739.HEIC,4
sxs2026092200185.jpg,IMG_0615_1.jpg,IMG_0615.HEIC,1
sxs2026092200186.jpg,IMG_0528_3.jpg,IMG_0528.HEIC,3
sxs2026092200187.jpg,IMG_0672_3.jpg,IMG_0672.HEIC,3
sxs2026092200188.jpg,IMG_0647_1.jpg,IMG_0647.HEIC,1
sxs2026092200189.jpg,IMG_0483_3.jpg,IMG_0483.HEIC,3
sxs2026092200190.jpg,IMG_0637_2.jpg,IMG_0637.HEIC,2
sxs2026092200191.jpg,IMG_0759_1.jpg,IMG_0759.HEIC,1
sxs2026092200192.jpg,IMG_0596_1.jpg,IMG_0596.HEIC,1
sxs2026092200193.jpg,IMG_0730_4.jpg,IMG_0730.HEIC,4
sxs2026092200194.jpg,IMG_0731_2.jpg,IMG_0731.HEIC,2
sxs2026092200195.jpg,IMG_0656_1.jpg,IMG_0656.HEIC,1
sxs2026092200196.jpg,IMG_0650_4.jpg,IMG_0650.HEIC,4
sxs2026092200197.jpg,IMG_0667_1.jpg,IMG_0667.HEIC,1
sxs2026092200198.jpg,IMG_0582_2.jpg,IMG_0582.HEIC,2
sxs2026092200199.jpg,IMG_0721_2.jpg,IMG_0721.HEIC,2
sxs2026092200200.jpg,IMG_0470_1.jpg,IMG_0470.HEIC,1
sxs2026092200201.jpg,IMG_0536_3.jpg,IMG_0536.HEIC,3
sxs2026092200202.jpg,IMG_0677_4.jpg,IMG_0677.HEIC,4
sxs2026092200203.jpg,IMG_0581_4.jpg,IMG_0581.HEIC,4
sxs2026092200204.jpg,IMG_0709_3.jpg,IMG_0709.HEIC,3
sxs2026092200205.jpg,IMG_0723_1.jpg,IMG_0723.HEIC,1
sxs2026092200206.jpg,IMG_0497_1.jpg,IMG_0497.HEIC,1
sxs2026092200207.jpg,IMG_0690_1.jpg,IMG_0690.HEIC,1
sxs2026092200208.jpg,IMG_0522_2.jpg,IMG_0522.HEIC,2
sxs2026092200209.jpg,IMG_0676_1.jpg,IMG_0676.HEIC,1
sxs2026092200210.jpg,IMG_0542_1.jpg,IMG_0542.HEIC,1
sxs2026092200211.jpg,IMG_0790_3.jpg,IMG_0790.HEIC,3
sxs2026092200212.jpg,IMG_0661_2.jpg,IMG_0661.HEIC,2
sxs2026092200213.jpg,IMG_0753_3.jpg,IMG_0753.HEIC,3
sxs2026092200214.jpg,IMG_0527_3.jpg,IMG_0527.HEIC,3
sxs2026092200215.jpg,IMG_0680_2.jpg,IMG_0680.HEIC,2
sxs2026092200216.jpg,IMG_0581_3.jpg,IMG_0581.HEIC,3
sxs2026092200217.jpg,IMG_0519_2.jpg,IMG_0519.HEIC,2
sxs2026092200218.jpg,IMG_0486_3.jpg,IMG_0486.HEIC,3
sxs2026092200219.jpg,IMG_0729_1.jpg,IMG_0729.HEIC,1
sxs2026092200220.jpg,IMG_0791_3.jpg,IMG_0791.HEIC,3
sxs2026092200221.jpg,IMG_0714_3.jpg,IMG_0714.HEIC,3
sxs2026092200222.jpg,IMG_0586_2.jpg,IMG_0586.HEIC,2
sxs2026092200223.jpg,IMG_0725_2.jpg,IMG_0725.HEIC,2
sxs2026092200224.jpg,IMG_0497_2.jpg,IMG_0497.HEIC,2
sxs2026092200225.jpg,IMG_0683_3.jpg,IMG_0683.HEIC,3
sxs2026092200226.jpg,IMG_0487_3.jpg,IMG_0487.HEIC,3
sxs2026092200227.jpg,IMG_0728_1.jpg,IMG_0728.HEIC,1
sxs2026092200228.jpg,IMG_0762_3.jpg,IMG_0762.HEIC,3
sxs2026092200229.jpg,IMG_0643_2.jpg,IMG_0643.HEIC,2
sxs2026092200230.jpg,IMG_0732_2.jpg,IMG_0732.HEIC,2
sxs2026092200231.jpg,IMG_0786_1.jpg,IMG_0786.HEIC,1
sxs2026092200232.jpg,IMG_0587_1.jpg,IMG_0587.HEIC,1
sxs2026092200233.jpg,IMG_0770_2.jpg,IMG_0770.HEIC,2
sxs2026092200234.jpg,IMG_0509_1.jpg,IMG_0509.HEIC,1
sxs2026092200235.jpg,IMG_0697_3.jpg,IMG_0697.HEIC,3
sxs2026092200236.jpg,IMG_0633_3.jpg,IMG_0633.HEIC,3
sxs2026092200237.jpg,IMG_0713_1.jpg,IMG_0713.HEIC,1
sxs2026092200238.jpg,IMG_0738_1.jpg,IMG_0738.HEIC,1
sxs2026092200239.jpg,IMG_0631_3.jpg,IMG_0631.HEIC,3
sxs2026092200240.jpg,IMG_0569_3.jpg,IMG_0569.HEIC,3
sxs2026092200241.jpg,IMG_0563_4.jpg,IMG_0563.HEIC,4
sxs2026092200242.jpg,IMG_0517_3.jpg,IMG_0517.HEIC,3
sxs2026092200243.jpg,IMG_0754_4.jpg,IMG_0754.HEIC,4
sxs2026092200244.jpg,IMG_0511_3.jpg,IMG_0511.HEIC,3
sxs2026092200245.jpg,IMG_0680_4.jpg,IMG_0680.HEIC,4
sxs2026092200246.jpg,IMG_0674_4.jpg,IMG_0674.HEIC,4
sxs2026092200247.jpg,IMG_0779_1.jpg,IMG_0779.HEIC,1
sxs2026092200248.jpg,IMG_0720_4.jpg,IMG_0720.HEIC,4
sxs2026092200249.jpg,IMG_0510_3.jpg,IMG_0510.HEIC,3
sxs2026092200250.jpg,IMG_0619_1.jpg,IMG_0619.HEIC,1
sxs2026092200251.jpg,IMG_0766_2.jpg,IMG_0766.HEIC,2
sxs2026092200252.jpg,IMG_0570_1.jpg,IMG_0570.HEIC,1
sxs2026092200253.jpg,IMG_0591_4.jpg,IMG_0591.HEIC,4
sxs2026092200254.jpg,IMG_0648_3.jpg,IMG_0648.HEIC,3
sxs2026092200255.jpg,IMG_0769_2.jpg,IMG_0769.HEIC,2
sxs2026092200256.jpg,IMG_0544_3.jpg,IMG_0544.HEIC,3
sxs2026092200257.jpg,IMG_0481_1.jpg,IMG_0481.HEIC,1
sxs2026092200258.jpg,IMG_0501_3.jpg,IMG_0501.HEIC,3
sxs2026092200259.jpg,IMG_0492_4.jpg,IMG_0492.HEIC,4
sxs2026092200260.jpg,IMG_0689_4.jpg,IMG_0689.HEIC,4
sxs2026092200261.jpg,IMG_0542_2.jpg,IMG_0542.HEIC,2
sxs2026092200262.jpg,IMG_0697_1.jpg,IMG_0697.HEIC,1
sxs2026092200263.jpg,IMG_0750_3.jpg,IMG_0750.HEIC,3
sxs2026092200264.jpg,IMG_0650_3.jpg,IMG_0650.HEIC,3
sxs2026092200265.jpg,IMG_0496_2.jpg,IMG_0496.HEIC,2
sxs2026092200266.jpg,IMG_0736_3.jpg,IMG_0736.HEIC,3
sxs2026092200267.jpg,IMG_0597_4.jpg,IMG_0597.HEIC,4
sxs2026092200268.jpg,IMG_0565_3.jpg,IMG_0565.HEIC,3
sxs2026092200269.jpg,IMG_0604_3.jpg,IMG_0604.HEIC,3
sxs2026092200270.jpg,IMG_0541_4.jpg,IMG_0541.HEIC,4
sxs2026092200271.jpg,IMG_0786_3.jpg,IMG_0786.HEIC,3
sxs2026092200272.jpg,IMG_0518_1.jpg,IMG_0518.HEIC,1
sxs2026092200273.jpg,IMG_0577_2.jpg,IMG_0577.HEIC,2
sxs2026092200274.jpg,IMG_0491_1.jpg,IMG_0491.HEIC,1
sxs2026092200275.jpg,IMG_0714_2.jpg,IMG_0714.HEIC,2
sxs2026092200276.jpg,IMG_0744_2.jpg,IMG_0744.HEIC,2
sxs2026092200277.jpg,IMG_0516_1.jpg,IMG_0516.HEIC,1
sxs2026092200278.jpg,IMG_0673_1.jpg,IMG_0673.HEIC,1
sxs2026092200279.jpg,IMG_0480_2.jpg,IMG_0480.HEIC,2
sxs2026092200280.jpg,IMG_0745_3.jpg,IMG_0745.HEIC,3
sxs2026092200281.jpg,IMG_0769_3.jpg,IMG_0769.HEIC,3
sxs2026092200282.jpg,IMG_0785_3.jpg,IMG_0785.HEIC,3
sxs2026092200283.jpg,IMG_0723_4.jpg,IMG_0723.HEIC,4
sxs2026092200284.jpg,IMG_0545_3.jpg,IMG_0545.HEIC,3
sxs2026092200285.jpg,IMG_0605_3.jpg,IMG_0605.HEIC,3
sxs2026092200286.jpg,IMG_0649_3.jpg,IMG_0649.HEIC,3
sxs2026092200287.jpg,IMG_0794_3.jpg,IMG_0794.HEIC,3
sxs2026092200288.jpg,IMG_0782_3.jpg,IMG_0782.HEIC,3
sxs2026092200289.jpg,IMG_0622_4.jpg,IMG_0622.HEIC,4
sxs2026092200290.jpg,IMG_0545_2.jpg,IMG_0545.HEIC,2
sxs2026092200291.jpg,IMG_0609_1.jpg,IMG_0609.HEIC,1
sxs2026092200292.jpg,IMG_0499_3.jpg,IMG_0499.HEIC,3
sxs2026092200293.jpg,IMG_0616_2.jpg,IMG_0616.HEIC,2
sxs2026092200294.jpg,IMG_0771_3.jpg,IMG_0771.HEIC,3
sxs2026092200295.jpg,IMG_0608_4.jpg,IMG_0608.HEIC,4
sxs2026092200296.jpg,IMG_0551_2.jpg,IMG_0551.HEIC,2
sxs2026092200297.jpg,IMG_0714_1.jpg,IMG_0714.HEIC,1
sxs2026092200298.jpg,IMG_0715_4.jpg,IMG_0715.HEIC,4
sxs2026092200299.jpg,IMG_0583_3.jpg,IMG_0583.HEIC,3
sxs2026092200300.jpg,IMG_0488_1.jpg,IMG_0488.HEIC,1
sxs2026092200301.jpg,IMG_0508_1.jpg,IMG_0508.HEIC,1
sxs2026092200302.jpg,IMG_0669_2.jpg,IMG_0669.HEIC,2
sxs2026092200303.jpg,IMG_0535_3.jpg,IMG_0535.HEIC,3
sxs2026092200304.jpg,IMG_0558_3.jpg,IMG_0558.HEIC,3
sxs2026092200305.jpg,IMG_0551_3.jpg,IMG_0551.HEIC,3
sxs2026092200306.jpg,IMG_0645_2.jpg,IMG_0645.HEIC,2
sxs2026092200307.jpg,IMG_0671_3.jpg,IMG_0671.HEIC,3
sxs2026092200308.jpg,IMG_0606_4.jpg,IMG_0606.HEIC,4
sxs2026092200309.jpg,IMG_0666_4.jpg,IMG_0666.HEIC,4
sxs2026092200310.jpg,IMG_0673_3.jpg,IMG_0673.HEIC,3
sxs2026092200311.jpg,IMG_0502_1.jpg,IMG_0502.HEIC,1
sxs2026092200312.jpg,IMG_0668_4.jpg,IMG_0668.HEIC,4
sxs2026092200313.jpg,IMG_0602_3.jpg,IMG_0602.HEIC,3
sxs2026092200314.jpg,IMG_0651_1.jpg,IMG_0651.HEIC,1
sxs2026092200315.jpg,IMG_0655_2.jpg,IMG_0655.HEIC,2
sxs2026092200316.jpg,IMG_0734_1.jpg,IMG_0734.HEIC,1
sxs2026092200317.jpg,IMG_0487_1.jpg,IMG_0487.HEIC,1
sxs2026092200318.jpg,IMG_0512_1.jpg,IMG_0512.HEIC,1
sxs2026092200319.jpg,IMG_0496_1.jpg,IMG_0496.HEIC,1
sxs2026092200320.jpg,IMG_0534_1.jpg,IMG_0534.HEIC,1
sxs2026092200321.jpg,IMG_0520_3.jpg,IMG_0520.HEIC,3
sxs2026092200322.jpg,IMG_0638_4.jpg,IMG_0638.HEIC,4
sxs2026092200323.jpg,IMG_0710_4.jpg,IMG_0710.HEIC,4
sxs2026092200324.jpg,IMG_0547_1.jpg,IMG_0547.HEIC,1
sxs2026092200325.jpg,IMG_0589_1.jpg,IMG_0589.HEIC,1
sxs2026092200326.jpg,IMG_0717_2.jpg,IMG_0717.HEIC,2
sxs2026092200327.jpg,IMG_0488_3.jpg,IMG_0488.HEIC,3
sxs2026092200328.jpg,IMG_0635_3.jpg,IMG_0635.HEIC,3
sxs2026092200329.jpg,IMG_0609_3.jpg,IMG_0609.HEIC,3
sxs2026092200330.jpg,IMG_0549_2.jpg,IMG_0549.HEIC,2
sxs2026092200331.jpg,IMG_0685_4.jpg,IMG_0685.HEIC,4
sxs2026092200332.jpg,IMG_0647_3.jpg,IMG_0647.HEIC,3
sxs2026092200333.jpg,IMG_0774_2.jpg,IMG_0774.HEIC,2
sxs2026092200334.jpg,IMG_0642_3.jpg,IMG_0642.HEIC,3
sxs2026092200335.jpg,IMG_0511_1.jpg,IMG_0511.HEIC,1
sxs2026092200336.jpg,IMG_0701_2.jpg,IMG_0701.HEIC,2
sxs2026092200337.jpg,IMG_0502_4.jpg,IMG_0502.HEIC,4
sxs2026092200338.jpg,IMG_0530_3.jpg,IMG_0530.HEIC,3
sxs2026092200339.jpg,IMG_0708_3.jpg,IMG_0708.HEIC,3
sxs2026092200340.jpg,IMG_0669_3.jpg,IMG_0669.HEIC,3
sxs2026092200341.jpg,IMG_0487_2.jpg,IMG_0487.HEIC,2
sxs2026092200342.jpg,IMG_0516_3.jpg,IMG_0516.HEIC,3
sxs2026092200343.jpg,IMG_0772_1.jpg,IMG_0772.HEIC,1
sxs2026092200344.jpg,IMG_0786_4.jpg,IMG_0786.HEIC,4
sxs2026092200345.jpg,IMG_0724_3.jpg,IMG_0724.HEIC,3
sxs2026092200346.jpg,IMG_0738_3.jpg,IMG_0738.HEIC,3
sxs2026092200347.jpg,IMG_0705_3.jpg,IMG_0705.HEIC,3
sxs2026092200348.jpg,IMG_0535_1.jpg,IMG_0535.HEIC,1
sxs2026092200349.jpg,IMG_0482_2.jpg,IMG_0482.HEIC,2
sxs2026092200350.jpg,IMG_0567_2.jpg,IMG_0567.HEIC,2
sxs2026092200351.jpg,IMG_0637_1.jpg,IMG_0637.HEIC,1
sxs2026092200352.jpg,IMG_0794_1.jpg,IMG_0794.HEIC,1
sxs2026092200353.jpg,IMG_0753_4.jpg,IMG_0753.HEIC,4
sxs2026092200354.jpg,IMG_0608_2.jpg,IMG_0608.HEIC,2
sxs2026092200355.jpg,IMG_0613_1.jpg,IMG_0613.HEIC,1
sxs2026092200356.jpg,IMG_0606_3.jpg,IMG_0606.HEIC,3
sxs2026092200357.jpg,IMG_0716_4.jpg,IMG_0716.HEIC,4
sxs2026092200358.jpg,IMG_0506_1.jpg,IMG_0506.HEIC,1
sxs2026092200359.jpg,IMG_0525_4.jpg,IMG_0525.HEIC,4
sxs2026092200360.jpg,IMG_0789_1.jpg,IMG_0789.HEIC,1
sxs2026092200361.jpg,IMG_0523_2.jpg,IMG_0523.HEIC,2
sxs2026092200362.jpg,IMG_0702_2.jpg,IMG_0702.HEIC,2
sxs2026092200363.jpg,IMG_0738_2.jpg,IMG_0738.HEIC,2
sxs2026092200364.jpg,IMG_0498_2.jpg,IMG_0498.HEIC,2
sxs2026092200365.jpg,IMG_0761_3.jpg,IMG_0761.HEIC,3
sxs2026092200366.jpg,IMG_0513_4.jpg,IMG_0513.HEIC,4
sxs2026092200367.jpg,IMG_0700_3.jpg,IMG_0700.HEIC,3
sxs2026092200368.jpg,IMG_0706_2.jpg,IMG_0706.HEIC,2
sxs2026092200369.jpg,IMG_0658_2.jpg,IMG_0658.HEIC,2
sxs2026092200370.jpg,IMG_0770_4.jpg,IMG_0770.HEIC,4
sxs2026092200371.jpg,IMG_0467_2.jpg,IMG_0467.HEIC,2
sxs2026092200372.jpg,IMG_0490_1.jpg,IMG_0490.HEIC,1
sxs2026092200373.jpg,IMG_0721_3.jpg,IMG_0721.HEIC,3
sxs2026092200374.jpg,IMG_0761_4.jpg,IMG_0761.HEIC,4
sxs2026092200375.jpg,IMG_0768_4.jpg,IMG_0768.HEIC,4
sxs2026092200376.jpg,IMG_0589_4.jpg,IMG_0589.HEIC,4
sxs2026092200377.jpg,IMG_0762_4.jpg,IMG_0762.HEIC,4
sxs2026092200378.jpg,IMG_0637_4.jpg,IMG_0637.HEIC,4
sxs2026092200379.jpg,IMG_0579_3.jpg,IMG_0579.HEIC,3
sxs2026092200380.jpg,IMG_0611_2.jpg,IMG_0611.HEIC,2
sxs2026092200381.jpg,IMG_0491_3.jpg,IMG_0491.HEIC,3
sxs2026092200382.jpg,IMG_0704_4.jpg,IMG_0704.HEIC,4
sxs2026092200383.jpg,IMG_0666_1.jpg,IMG_0666.HEIC,1
sxs2026092200384.jpg,IMG_0771_1.jpg,IMG_0771.HEIC,1
sxs2026092200385.jpg,IMG_0622_3.jpg,IMG_0622.HEIC,3
sxs2026092200386.jpg,IMG_0620_2.jpg,IMG_0620.HEIC,2
sxs2026092200387.jpg,IMG_0685_1.jpg,IMG_0685.HEIC,1
sxs2026092200388.jpg,IMG_0613_3.jpg,IMG_0613.HEIC,3
sxs2026092200389.jpg,IMG_0620_4.jpg,IMG_0620.HEIC,4
sxs2026092200390.jpg,IMG_0667_3.jpg,IMG_0667.HEIC,3
sxs2026092200391.jpg,IMG_0711_2.jpg,IMG_0711.HEIC,2
sxs2026092200392.jpg,IMG_0659_1.jpg,IMG_0659.HEIC,1
sxs2026092200393.jpg,IMG_0739_3.jpg,IMG_0739.HEIC,3
sxs2026092200394.jpg,IMG_0512_4.jpg,IMG_0512.HEIC,4
sxs2026092200395.jpg,IMG_0578_4.jpg,IMG_0578.HEIC,4
sxs2026092200396.jpg,IMG_0536_2.jpg,IMG_0536.HEIC,2
sxs2026092200397.jpg,IMG_0759_3.jpg,IMG_0759.HEIC,3
sxs2026092200398.jpg,IMG_0594_1.jpg,IMG_0594.HEIC,1
sxs2026092200399.jpg,IMG_0514_3.jpg,IMG_0514.HEIC,3
sxs2026092200400.jpg,IMG_0555_3.jpg,IMG_0555.HEIC,3
sxs2026092200401.jpg,IMG_0552_1.jpg,IMG_0552.HEIC,1
sxs2026092200402.jpg,IMG_0700_1.jpg,IMG_0700.HEIC,1
sxs2026092200403.jpg,IMG_0705_2.jpg,IMG_0705.HEIC,2
sxs2026092200404.jpg,IMG_0672_2.jpg,IMG_0672.HEIC,2
sxs2026092200405.jpg,IMG_0671_2.jpg,IMG_0671.HEIC,2
sxs2026092200406.jpg,IMG_0492_3.jpg,IMG_0492.HEIC,3
sxs2026092200407.jpg,IMG_0510_4.jpg,IMG_0510.HEIC,4
sxs2026092200408.jpg,IMG_0659_2.jpg,IMG_0659.HEIC,2
sxs2026092200409.jpg,IMG_0716_3.jpg,IMG_0716.HEIC,3
sxs2026092200410.jpg,IMG_0543_4.jpg,IMG_0543.HEIC,4
sxs2026092200411.jpg,IMG_0551_1.jpg,IMG_0551.HEIC,1
sxs2026092200412.jpg,IMG_0470_3.jpg,IMG_0470.HEIC,3
sxs2026092200413.jpg,IMG_0621_4.jpg,IMG_0621.HEIC,4
sxs2026092200414.jpg,IMG_0551_4.jpg,IMG_0551.HEIC,4
sxs2026092200415.jpg,IMG_0501_4.jpg,IMG_0501.HEIC,4
sxs2026092200416.jpg,IMG_0699_4.jpg,IMG_0699.HEIC,4
sxs2026092200417.jpg,IMG_0639_4.jpg,IMG_0639.HEIC,4
sxs2026092200418.jpg,IMG_0489_2.jpg,IMG_0489.HEIC,2
sxs2026092200419.jpg,IMG_0557_2.jpg,IMG_0557.HEIC,2
sxs2026092200420.jpg,IMG_0668_2.jpg,IMG_0668.HEIC,2
sxs2026092200421.jpg,IMG_0734_4.jpg,IMG_0734.HEIC,4
sxs2026092200422.jpg,IMG_0712_4.jpg,IMG_0712.HEIC,4
sxs2026092200423.jpg,IMG_0589_3.jpg,IMG_0589.HEIC,3
sxs2026092200424.jpg,IMG_0610_1.jpg,IMG_0610.HEIC,1
sxs2026092200425.jpg,IMG_0505_2.jpg,IMG_0505.HEIC,2
sxs2026092200426.jpg,IMG_0732_3.jpg,IMG_0732.HEIC,3
sxs2026092200427.jpg,IMG_0600_4.jpg,IMG_0600.HEIC,4
sxs2026092200428.jpg,IMG_0617_1.jpg,IMG_0617.HEIC,1
sxs2026092200429.jpg,IMG_0742_2.jpg,IMG_0742.HEIC,2
sxs2026092200430.jpg,IMG_0592_2.jpg,IMG_0592.HEIC,2
sxs2026092200431.jpg,IMG_0553_2.jpg,IMG_0553.HEIC,2
sxs2026092200432.jpg,IMG_0611_4.jpg,IMG_0611.HEIC,4
sxs2026092200433.jpg,IMG_0546_3.jpg,IMG_0546.HEIC,3
sxs2026092200434.jpg,IMG_0756_2.jpg,IMG_0756.HEIC,2
sxs2026092200435.jpg,IMG_0549_4.jpg,IMG_0549.HEIC,4
sxs2026092200436.jpg,IMG_0657_2.jpg,IMG_0657.HEIC,2
sxs2026092200437.jpg,IMG_0600_3.jpg,IMG_0600.HEIC,3
sxs2026092200438.jpg,IMG_0524_2.jpg,IMG_0524.HEIC,2
sxs2026092200439.jpg,IMG_0539_2.jpg,IMG_0539.HEIC,2
sxs2026092200440.jpg,IMG_0665_1.jpg,IMG_0665.HEIC,1
sxs2026092200441.jpg,IMG_0575_1.jpg,IMG_0575.HEIC,1
sxs2026092200442.jpg,IMG_0756_4.jpg,IMG_0756.HEIC,4
sxs2026092200443.jpg,IMG_0758_3.jpg,IMG_0758.HEIC,3
sxs2026092200444.jpg,IMG_0605_2.jpg,IMG_0605.HEIC,2
sxs2026092200445.jpg,IMG_0606_2.jpg,IMG_0606.HEIC,2
sxs2026092200446.jpg,IMG_0699_2.jpg,IMG_0699.HEIC,2
sxs2026092200447.jpg,IMG_0568_2.jpg,IMG_0568.HEIC,2
sxs2026092200448.jpg,IMG_0706_3.jpg,IMG_0706.HEIC,3
sxs2026092200449.jpg,IMG_0759_4.jpg,IMG_0759.HEIC,4
sxs2026092200450.jpg,IMG_0476_2.jpg,IMG_0476.HEIC,2
sxs2026092200451.jpg,IMG_0512_2.jpg,IMG_0512.HEIC,2
sxs2026092200452.jpg,IMG_0737_3.jpg,IMG_0737.HEIC,3
sxs2026092200453.jpg,IMG_0641_4.jpg,IMG_0641.HEIC,4
sxs2026092200454.jpg,IMG_0742_1.jpg,IMG_0742.HEIC,1
sxs2026092200455.jpg,IMG_0686_3.jpg,IMG_0686.HEIC,3
sxs2026092200456.jpg,IMG_0687_3.jpg,IMG_0687.HEIC,3
sxs2026092200457.jpg,IMG_0576_2.jpg,IMG_0576.HEIC,2
sxs2026092200458.jpg,IMG_0603_3.jpg,IMG_0603.HEIC,3
sxs2026092200459.jpg,IMG_0696_4.jpg,IMG_0696.HEIC,4
sxs2026092200460.jpg,IMG_0532_3.jpg,IMG_0532.HEIC,3
sxs2026092200461.jpg,IMG_0573_4.jpg,IMG_0573.HEIC,4
sxs2026092200462.jpg,IMG_0698_2.jpg,IMG_0698.HEIC,2
sxs2026092200463.jpg,IMG_0728_3.jpg,IMG_0728.HEIC,3
sxs2026092200464.jpg,IMG_0598_4.jpg,IMG_0598.HEIC,4
sxs2026092200465.jpg,IMG_0718_2.jpg,IMG_0718.HEIC,2
sxs2026092200466.jpg,IMG_0679_3.jpg,IMG_0679.HEIC,3
sxs2026092200467.jpg,IMG_0601_1.jpg,IMG_0601.HEIC,1
sxs2026092200468.jpg,IMG_0555_4.jpg,IMG_0555.HEIC,4
sxs2026092200469.jpg,IMG_0778_2.jpg,IMG_0778.HEIC,2
sxs2026092200470.jpg,IMG_0666_2.jpg,IMG_0666.HEIC,2
sxs2026092200471.jpg,IMG_0560_3.jpg,IMG_0560.HEIC,3
sxs2026092200472.jpg,IMG_0597_1.jpg,IMG_0597.HEIC,1
sxs2026092200473.jpg,IMG_0791_1.jpg,IMG_0791.HEIC,1
sxs2026092200474.jpg,IMG_0647_4.jpg,IMG_0647.HEIC,4
sxs2026092200475.jpg,IMG_0488_4.jpg,IMG_0488.HEIC,4
sxs2026092200476.jpg,IMG_0757_2.jpg,IMG_0757.HEIC,2
sxs2026092200477.jpg,IMG_0472_1.jpg,IMG_0472.HEIC,1
sxs2026092200478.jpg,IMG_0757_3.jpg,IMG_0757.HEIC,3
sxs2026092200479.jpg,IMG_0508_3.jpg,IMG_0508.HEIC,3
sxs2026092200480.jpg,IMG_0485_1.jpg,IMG_0485.HEIC,1
sxs2026092200481.jpg,IMG_0688_2.jpg,IMG_0688.HEIC,2
sxs2026092200482.jpg,IMG_0719_1.jpg,IMG_0719.HEIC,1
sxs2026092200483.jpg,IMG_0759_2.jpg,IMG_0759.HEIC,2
sxs2026092200484.jpg,IMG_0634_3.jpg,IMG_0634.HEIC,3
sxs2026092200485.jpg,IMG_0537_3.jpg,IMG_0537.HEIC,3
sxs2026092200486.jpg,IMG_0473_1.jpg,IMG_0473.HEIC,1
sxs2026092200487.jpg,IMG_0711_4.jpg,IMG_0711.HEIC,4
sxs2026092200488.jpg,IMG_0665_4.jpg,IMG_0665.HEIC,4
sxs2026092200489.jpg,IMG_0520_1.jpg,IMG_0520.HEIC,1
sxs2026092200490.jpg,IMG_0472_4.jpg,IMG_0472.HEIC,4
sxs2026092200491.jpg,IMG_0681_3.jpg,IMG_0681.HEIC,3
sxs2026092200492.jpg,IMG_0515_1.jpg,IMG_0515.HEIC,1
sxs2026092200493.jpg,IMG_0661_1.jpg,IMG_0661.HEIC,1
sxs2026092200494.jpg,IMG_0629_2.jpg,IMG_0629.HEIC,2
sxs2026092200495.jpg,IMG_0723_2.jpg,IMG_0723.HEIC,2
sxs2026092200496.jpg,IMG_0648_4.jpg,IMG_0648.HEIC,4
sxs2026092200497.jpg,IMG_0761_1.jpg,IMG_0761.HEIC,1
sxs2026092200498.jpg,IMG_0530_1.jpg,IMG_0530.HEIC,1
sxs2026092200499.jpg,IMG_0765_3.jpg,IMG_0765.HEIC,3
sxs2026092200500.jpg,IMG_0788_4.jpg,IMG_0788.HEIC,4
sxs2026092200501.jpg,IMG_0507_4.jpg,IMG_0507.HEIC,4
sxs2026092200502.jpg,IMG_0531_2.jpg,IMG_0531.HEIC,2
sxs2026092200503.jpg,IMG_0645_4.jpg,IMG_0645.HEIC,4
sxs2026092200504.jpg,IMG_0506_4.jpg,IMG_0506.HEIC,4
sxs2026092200505.jpg,IMG_0704_3.jpg,IMG_0704.HEIC,3
sxs2026092200506.jpg,IMG_0688_3.jpg,IMG_0688.HEIC,3
sxs2026092200507.jpg,IMG_0566_2.jpg,IMG_0566.HEIC,2
sxs2026092200508.jpg,IMG_0477_4.jpg,IMG_0477.HEIC,4
sxs2026092200509.jpg,IMG_0557_1.jpg,IMG_0557.HEIC,1
sxs2026092200510.jpg,IMG_0651_3.jpg,IMG_0651.HEIC,3
sxs2026092200511.jpg,IMG_0566_3.jpg,IMG_0566.HEIC,3
sxs2026092200512.jpg,IMG_0660_1.jpg,IMG_0660.HEIC,1
sxs2026092200513.jpg,IMG_0643_3.jpg,IMG_0643.HEIC,3
sxs2026092200514.jpg,IMG_0601_4.jpg,IMG_0601.HEIC,4
sxs2026092200515.jpg,IMG_0787_1.jpg,IMG_0787.HEIC,1
sxs2026092200516.jpg,IMG_0754_2.jpg,IMG_0754.HEIC,2
sxs2026092200517.jpg,IMG_0764_3.jpg,IMG_0764.HEIC,3
sxs2026092200518.jpg,IMG_0586_4.jpg,IMG_0586.HEIC,4
sxs2026092200519.jpg,IMG_0656_4.jpg,IMG_0656.HEIC,4
sxs2026092200520.jpg,IMG_0615_3.jpg,IMG_0615.HEIC,3
sxs2026092200521.jpg,IMG_0516_4.jpg,IMG_0516.HEIC,4
sxs2026092200522.jpg,IMG_0784_1.jpg,IMG_0784.HEIC,1
sxs2026092200523.jpg,IMG_0520_4.jpg,IMG_0520.HEIC,4
sxs2026092200524.jpg,IMG_0662_3.jpg,IMG_0662.HEIC,3
sxs2026092200525.jpg,IMG_0698_1.jpg,IMG_0698.HEIC,1
sxs2026092200526.jpg,IMG_0515_3.jpg,IMG_0515.HEIC,3
sxs2026092200527.jpg,IMG_0763_1.jpg,IMG_0763.HEIC,1
sxs2026092200528.jpg,IMG_0596_4.jpg,IMG_0596.HEIC,4
sxs2026092200529.jpg,IMG_0757_4.jpg,IMG_0757.HEIC,4
sxs2026092200530.jpg,IMG_0572_3.jpg,IMG_0572.HEIC,3
sxs2026092200531.jpg,IMG_0548_4.jpg,IMG_0548.HEIC,4
sxs2026092200532.jpg,IMG_0633_1.jpg,IMG_0633.HEIC,1
sxs2026092200533.jpg,IMG_0538_4.jpg,IMG_0538.HEIC,4
sxs2026092200534.jpg,IMG_0723_3.jpg,IMG_0723.HEIC,3
sxs2026092200535.jpg,IMG_0607_3.jpg,IMG_0607.HEIC,3
sxs2026092200536.jpg,IMG_0514_1.jpg,IMG_0514.HEIC,1
sxs2026092200537.jpg,IMG_0469_1.jpg,IMG_0469.HEIC,1
sxs2026092200538.jpg,IMG_0522_3.jpg,IMG_0522.HEIC,3
sxs2026092200539.jpg,IMG_0516_2.jpg,IMG_0516.HEIC,2
sxs2026092200540.jpg,IMG_0663_2.jpg,IMG_0663.HEIC,2
sxs2026092200541.jpg,IMG_0533_1.jpg,IMG_0533.HEIC,1
sxs2026092200542.jpg,IMG_0613_2.jpg,IMG_0613.HEIC,2
sxs2026092200543.jpg,IMG_0724_2.jpg,IMG_0724.HEIC,2
sxs2026092200544.jpg,IMG_0613_4.jpg,IMG_0613.HEIC,4
sxs2026092200545.jpg,IMG_0767_4.jpg,IMG_0767.HEIC,4
sxs2026092200546.jpg,IMG_0614_4.jpg,IMG_0614.HEIC,4
sxs2026092200547.jpg,IMG_0468_3.jpg,IMG_0468.HEIC,3
sxs2026092200548.jpg,IMG_0510_1.jpg,IMG_0510.HEIC,1
sxs2026092200549.jpg,IMG_0474_1.jpg,IMG_0474.HEIC,1
sxs2026092200550.jpg,IMG_0679_1.jpg,IMG_0679.HEIC,1
sxs2026092200551.jpg,IMG_0662_4.jpg,IMG_0662.HEIC,4
sxs2026092200552.jpg,IMG_0792_3.jpg,IMG_0792.HEIC,3
sxs2026092200553.jpg,IMG_0650_2.jpg,IMG_0650.HEIC,2
sxs2026092200554.jpg,IMG_0492_2.jpg,IMG_0492.HEIC,2
sxs2026092200555.jpg,IMG_0614_2.jpg,IMG_0614.HEIC,2
sxs2026092200556.jpg,IMG_0533_2.jpg,IMG_0533.HEIC,2
sxs2026092200557.jpg,IMG_0678_1.jpg,IMG_0678.HEIC,1
sxs2026092200558.jpg,IMG_0752_1.jpg,IMG_0752.HEIC,1
sxs2026092200559.jpg,IMG_0718_1.jpg,IMG_0718.HEIC,1
sxs2026092200560.jpg,IMG_0681_1.jpg,IMG_0681.HEIC,1
sxs2026092200561.jpg,IMG_0681_2.jpg,IMG_0681.HEIC,2
sxs2026092200562.jpg,IMG_0593_1.jpg,IMG_0593.HEIC,1
sxs2026092200563.jpg,IMG_0482_3.jpg,IMG_0482.HEIC,3
sxs2026092200564.jpg,IMG_0513_3.jpg,IMG_0513.HEIC,3
sxs2026092200565.jpg,IMG_0552_4.jpg,IMG_0552.HEIC,4
sxs2026092200566.jpg,IMG_0783_2.jpg,IMG_0783.HEIC,2
sxs2026092200567.jpg,IMG_0483_1.jpg,IMG_0483.HEIC,1
sxs2026092200568.jpg,IMG_0773_4.jpg,IMG_0773.HEIC,4
sxs2026092200569.jpg,IMG_0622_2.jpg,IMG_0622.HEIC,2
sxs2026092200570.jpg,IMG_0775_2.jpg,IMG_0775.HEIC,2
sxs2026092200571.jpg,IMG_0702_1.jpg,IMG_0702.HEIC,1
sxs2026092200572.jpg,IMG_0592_1.jpg,IMG_0592.HEIC,1
sxs2026092200573.jpg,IMG_0692_1.jpg,IMG_0692.HEIC,1
sxs2026092200574.jpg,IMG_0745_1.jpg,IMG_0745.HEIC,1
sxs2026092200575.jpg,IMG_0718_3.jpg,IMG_0718.HEIC,3
sxs2026092200576.jpg,IMG_0675_1.jpg,IMG_0675.HEIC,1
sxs2026092200577.jpg,IMG_0612_1.jpg,IMG_0612.HEIC,1
sxs2026092200578.jpg,IMG_0687_1.jpg,IMG_0687.HEIC,1
sxs2026092200579.jpg,IMG_0789_3.jpg,IMG_0789.HEIC,3
sxs2026092200580.jpg,IMG_0642_1.jpg,IMG_0642.HEIC,1
sxs2026092200581.jpg,IMG_0628_3.jpg,IMG_0628.HEIC,3
sxs2026092200582.jpg,IMG_0772_4.jpg,IMG_0772.HEIC,4
sxs2026092200583.jpg,IMG_0779_2.jpg,IMG_0779.HEIC,2
sxs2026092200584.jpg,IMG_0635_4.jpg,IMG_0635.HEIC,4
sxs2026092200585.jpg,IMG_0594_3.jpg,IMG_0594.HEIC,3
sxs2026092200586.jpg,IMG_0599_1.jpg,IMG_0599.HEIC,1
sxs2026092200587.jpg,IMG_0736_1.jpg,IMG_0736.HEIC,1
sxs2026092200588.jpg,IMG_0587_4.jpg,IMG_0587.HEIC,4
sxs2026092200589.jpg,IMG_0579_1.jpg,IMG_0579.HEIC,1
sxs2026092200590.jpg,IMG_0507_2.jpg,IMG_0507.HEIC,2
sxs2026092200591.jpg,IMG_0627_1.jpg,IMG_0627.HEIC,1
sxs2026092200592.jpg,IMG_0628_4.jpg,IMG_0628.HEIC,4
sxs2026092200593.jpg,IMG_0595_2.jpg,IMG_0595.HEIC,2
sxs2026092200594.jpg,IMG_0499_2.jpg,IMG_0499.HEIC,2
sxs2026092200595.jpg,IMG_0555_2.jpg,IMG_0555.HEIC,2
sxs2026092200596.jpg,IMG_0534_4.jpg,IMG_0534.HEIC,4
sxs2026092200597.jpg,IMG_0663_4.jpg,IMG_0663.HEIC,4
sxs2026092200598.jpg,IMG_0631_4.jpg,IMG_0631.HEIC,4
sxs2026092200599.jpg,IMG_0581_2.jpg,IMG_0581.HEIC,2
sxs2026092200600.jpg,IMG_0621_2.jpg,IMG_0621.HEIC,2
sxs2026092200601.jpg,IMG_0677_3.jpg,IMG_0677.HEIC,3
sxs2026092200602.jpg,IMG_0479_4.jpg,IMG_0479.HEIC,4
sxs2026092200603.jpg,IMG_0746_2.jpg,IMG_0746.HEIC,2
sxs2026092200604.jpg,IMG_0731_3.jpg,IMG_0731.HEIC,3
sxs2026092200605.jpg,IMG_0568_1.jpg,IMG_0568.HEIC,1
sxs2026092200606.jpg,IMG_0636_2.jpg,IMG_0636.HEIC,2
sxs2026092200607.jpg,IMG_0758_4.jpg,IMG_0758.HEIC,4
sxs2026092200608.jpg,IMG_0562_3.jpg,IMG_0562.HEIC,3
sxs2026092200609.jpg,IMG_0777_1.jpg,IMG_0777.HEIC,1
sxs2026092200610.jpg,IMG_0619_2.jpg,IMG_0619.HEIC,2
sxs2026092200611.jpg,IMG_0753_1.jpg,IMG_0753.HEIC,1
sxs2026092200612.jpg,IMG_0744_1.jpg,IMG_0744.HEIC,1
sxs2026092200613.jpg,IMG_0603_1.jpg,IMG_0603.HEIC,1
sxs2026092200614.jpg,IMG_0732_1.jpg,IMG_0732.HEIC,1
sxs2026092200615.jpg,IMG_0571_3.jpg,IMG_0571.HEIC,3
sxs2026092200616.jpg,IMG_0508_2.jpg,IMG_0508.HEIC,2
sxs2026092200617.jpg,IMG_0664_4.jpg,IMG_0664.HEIC,4
sxs2026092200618.jpg,IMG_0478_1.jpg,IMG_0478.HEIC,1
sxs2026092200619.jpg,IMG_0625_1.jpg,IMG_0625.HEIC,1
sxs2026092200620.jpg,IMG_0737_4.jpg,IMG_0737.HEIC,4
sxs2026092200621.jpg,IMG_0690_4.jpg,IMG_0690.HEIC,4
sxs2026092200622.jpg,IMG_0752_2.jpg,IMG_0752.HEIC,2
sxs2026092200623.jpg,IMG_0761_2.jpg,IMG_0761.HEIC,2
sxs2026092200624.jpg,IMG_0470_4.jpg,IMG_0470.HEIC,4
sxs2026092200625.jpg,IMG_0693_1.jpg,IMG_0693.HEIC,1
sxs2026092200626.jpg,IMG_0672_4.jpg,IMG_0672.HEIC,4
sxs2026092200627.jpg,IMG_0674_3.jpg,IMG_0674.HEIC,3
sxs2026092200628.jpg,IMG_0605_4.jpg,IMG_0605.HEIC,4
sxs2026092200629.jpg,IMG_0500_4.jpg,IMG_0500.HEIC,4
sxs2026092200630.jpg,IMG_0618_4.jpg,IMG_0618.HEIC,4
sxs2026092200631.jpg,IMG_0694_1.jpg,IMG_0694.HEIC,1
sxs2026092200632.jpg,IMG_0610_4.jpg,IMG_0610.HEIC,4
sxs2026092200633.jpg,IMG_0760_4.jpg,IMG_0760.HEIC,4
sxs2026092200634.jpg,IMG_0564_2.jpg,IMG_0564.HEIC,2
sxs2026092200635.jpg,IMG_0771_4.jpg,IMG_0771.HEIC,4
sxs2026092200636.jpg,IMG_0481_2.jpg,IMG_0481.HEIC,2
sxs2026092200637.jpg,IMG_0784_3.jpg,IMG_0784.HEIC,3
sxs2026092200638.jpg,IMG_0730_1.jpg,IMG_0730.HEIC,1
sxs2026092200639.jpg,IMG_0699_1.jpg,IMG_0699.HEIC,1
sxs2026092200640.jpg,IMG_0569_4.jpg,IMG_0569.HEIC,4
sxs2026092200641.jpg,IMG_0612_2.jpg,IMG_0612.HEIC,2
sxs2026092200642.jpg,IMG_0748_1.jpg,IMG_0748.HEIC,1
sxs2026092200643.jpg,IMG_0658_4.jpg,IMG_0658.HEIC,4
sxs2026092200644.jpg,IMG_0632_3.jpg,IMG_0632.HEIC,3
sxs2026092200645.jpg,IMG_0740_1.jpg,IMG_0740.HEIC,1
sxs2026092200646.jpg,IMG_0575_3.jpg,IMG_0575.HEIC,3
sxs2026092200647.jpg,IMG_0547_4.jpg,IMG_0547.HEIC,4
sxs2026092200648.jpg,IMG_0624_2.jpg,IMG_0624.HEIC,2
sxs2026092200649.jpg,IMG_0783_1.jpg,IMG_0783.HEIC,1
sxs2026092200650.jpg,IMG_0580_4.jpg,IMG_0580.HEIC,4
sxs2026092200651.jpg,IMG_0784_4.jpg,IMG_0784.HEIC,4
sxs2026092200652.jpg,IMG_0518_2.jpg,IMG_0518.HEIC,2
sxs2026092200653.jpg,IMG_0687_4.jpg,IMG_0687.HEIC,4
sxs2026092200654.jpg,IMG_0620_1.jpg,IMG_0620.HEIC,1
sxs2026092200655.jpg,IMG_0590_1.jpg,IMG_0590.HEIC,1
sxs2026092200656.jpg,IMG_0529_4.jpg,IMG_0529.HEIC,4
sxs2026092200657.jpg,IMG_0656_2.jpg,IMG_0656.HEIC,2
sxs2026092200658.jpg,IMG_0562_2.jpg,IMG_0562.HEIC,2
sxs2026092200659.jpg,IMG_0611_1.jpg,IMG_0611.HEIC,1
sxs2026092200660.jpg,IMG_0493_1.jpg,IMG_0493.HEIC,1
sxs2026092200661.jpg,IMG_0741_2.jpg,IMG_0741.HEIC,2
sxs2026092200662.jpg,IMG_0729_4.jpg,IMG_0729.HEIC,4
sxs2026092200663.jpg,IMG_0778_4.jpg,IMG_0778.HEIC,4
sxs2026092200664.jpg,IMG_0701_1.jpg,IMG_0701.HEIC,1
sxs2026092200665.jpg,IMG_0634_1.jpg,IMG_0634.HEIC,1
sxs2026092200666.jpg,IMG_0498_1.jpg,IMG_0498.HEIC,1
sxs2026092200667.jpg,IMG_0583_2.jpg,IMG_0583.HEIC,2
sxs2026092200668.jpg,IMG_0727_3.jpg,IMG_0727.HEIC,3
sxs2026092200669.jpg,IMG_0497_3.jpg,IMG_0497.HEIC,3
sxs2026092200670.jpg,IMG_0727_1.jpg,IMG_0727.HEIC,1
sxs2026092200671.jpg,IMG_0529_1.jpg,IMG_0529.HEIC,1
sxs2026092200672.jpg,IMG_0734_3.jpg,IMG_0734.HEIC,3
sxs2026092200673.jpg,IMG_0682_2.jpg,IMG_0682.HEIC,2
sxs2026092200674.jpg,IMG_0709_1.jpg,IMG_0709.HEIC,1
sxs2026092200675.jpg,IMG_0774_3.jpg,IMG_0774.HEIC,3
sxs2026092200676.jpg,IMG_0701_4.jpg,IMG_0701.HEIC,4
sxs2026092200677.jpg,IMG_0632_2.jpg,IMG_0632.HEIC,2
sxs2026092200678.jpg,IMG_0635_2.jpg,IMG_0635.HEIC,2
sxs2026092200679.jpg,IMG_0473_3.jpg,IMG_0473.HEIC,3
sxs2026092200680.jpg,IMG_0649_1.jpg,IMG_0649.HEIC,1
sxs2026092200681.jpg,IMG_0478_2.jpg,IMG_0478.HEIC,2
sxs2026092200682.jpg,IMG_0571_1.jpg,IMG_0571.HEIC,1
sxs2026092200683.jpg,IMG_0508_4.jpg,IMG_0508.HEIC,4
sxs2026092200684.jpg,IMG_0544_4.jpg,IMG_0544.HEIC,4
sxs2026092200685.jpg,IMG_0737_2.jpg,IMG_0737.HEIC,2
sxs2026092200686.jpg,IMG_0686_1.jpg,IMG_0686.HEIC,1
sxs2026092200687.jpg,IMG_0632_4.jpg,IMG_0632.HEIC,4
sxs2026092200688.jpg,IMG_0532_1.jpg,IMG_0532.HEIC,1
sxs2026092200689.jpg,IMG_0647_2.jpg,IMG_0647.HEIC,2
sxs2026092200690.jpg,IMG_0477_3.jpg,IMG_0477.HEIC,3
sxs2026092200691.jpg,IMG_0629_4.jpg,IMG_0629.HEIC,4
sxs2026092200692.jpg,IMG_0765_1.jpg,IMG_0765.HEIC,1
sxs2026092200693.jpg,IMG_0584_2.jpg,IMG_0584.HEIC,2
sxs2026092200694.jpg,IMG_0780_3.jpg,IMG_0780.HEIC,3
sxs2026092200695.jpg,IMG_0517_4.jpg,IMG_0517.HEIC,4
sxs2026092200696.jpg,IMG_0780_2.jpg,IMG_0780.HEIC,2
sxs2026092200697.jpg,IMG_0651_2.jpg,IMG_0651.HEIC,2
sxs2026092200698.jpg,IMG_0479_3.jpg,IMG_0479.HEIC,3
sxs2026092200699.jpg,IMG_0576_1.jpg,IMG_0576.HEIC,1
sxs2026092200700.jpg,IMG_0583_1.jpg,IMG_0583.HEIC,1
sxs2026092200701.jpg,IMG_0509_4.jpg,IMG_0509.HEIC,4
sxs2026092200702.jpg,IMG_0572_2.jpg,IMG_0572.HEIC,2
sxs2026092200703.jpg,IMG_0793_2.jpg,IMG_0793.HEIC,2
sxs2026092200704.jpg,IMG_0685_3.jpg,IMG_0685.HEIC,3
sxs2026092200705.jpg,IMG_0734_2.jpg,IMG_0734.HEIC,2
sxs2026092200706.jpg,IMG_0495_3.jpg,IMG_0495.HEIC,3
sxs2026092200707.jpg,IMG_0681_4.jpg,IMG_0681.HEIC,4
sxs2026092200708.jpg,IMG_0707_2.jpg,IMG_0707.HEIC,2
sxs2026092200709.jpg,IMG_0537_1.jpg,IMG_0537.HEIC,1
sxs2026092200710.jpg,IMG_0683_4.jpg,IMG_0683.HEIC,4
sxs2026092200711.jpg,IMG_0624_3.jpg,IMG_0624.HEIC,3
sxs2026092200712.jpg,IMG_0661_4.jpg,IMG_0661.HEIC,4
sxs2026092200713.jpg,IMG_0569_2.jpg,IMG_0569.HEIC,2
sxs2026092200714.jpg,IMG_0722_4.jpg,IMG_0722.HEIC,4
sxs2026092200715.jpg,IMG_0550_2.jpg,IMG_0550.HEIC,2
sxs2026092200716.jpg,IMG_0668_3.jpg,IMG_0668.HEIC,3
sxs2026092200717.jpg,IMG_0567_1.jpg,IMG_0567.HEIC,1
sxs2026092200718.jpg,IMG_0491_4.jpg,IMG_0491.HEIC,4
sxs2026092200719.jpg,IMG_0746_1.jpg,IMG_0746.HEIC,1
sxs2026092200720.jpg,IMG_0534_2.jpg,IMG_0534.HEIC,2
sxs2026092200721.jpg,IMG_0626_3.jpg,IMG_0626.HEIC,3
sxs2026092200722.jpg,IMG_0659_4.jpg,IMG_0659.HEIC,4
sxs2026092200723.jpg,IMG_0725_4.jpg,IMG_0725.HEIC,4
sxs2026092200724.jpg,IMG_0739_1.jpg,IMG_0739.HEIC,1
sxs2026092200725.jpg,IMG_0528_4.jpg,IMG_0528.HEIC,4
sxs2026092200726.jpg,IMG_0712_1.jpg,IMG_0712.HEIC,1
sxs2026092200727.jpg,IMG_0741_4.jpg,IMG_0741.HEIC,4
sxs2026092200728.jpg,IMG_0540_4.jpg,IMG_0540.HEIC,4
sxs2026092200729.jpg,IMG_0768_2.jpg,IMG_0768.HEIC,2
sxs2026092200730.jpg,IMG_0663_3.jpg,IMG_0663.HEIC,3
sxs2026092200731.jpg,IMG_0528_1.jpg,IMG_0528.HEIC,1
sxs2026092200732.jpg,IMG_0489_1.jpg,IMG_0489.HEIC,1
sxs2026092200733.jpg,IMG_0574_4.jpg,IMG_0574.HEIC,4
sxs2026092200734.jpg,IMG_0588_3.jpg,IMG_0588.HEIC,3
sxs2026092200735.jpg,IMG_0561_2.jpg,IMG_0561.HEIC,2
sxs2026092200736.jpg,IMG_0610_2.jpg,IMG_0610.HEIC,2
sxs2026092200737.jpg,IMG_0784_2.jpg,IMG_0784.HEIC,2
sxs2026092200738.jpg,IMG_0773_1.jpg,IMG_0773.HEIC,1
sxs2026092200739.jpg,IMG_0735_1.jpg,IMG_0735.HEIC,1
sxs2026092200740.jpg,IMG_0534_3.jpg,IMG_0534.HEIC,3
sxs2026092200741.jpg,IMG_0709_2.jpg,IMG_0709.HEIC,2
sxs2026092200742.jpg,IMG_0720_3.jpg,IMG_0720.HEIC,3
sxs2026092200743.jpg,IMG_0612_4.jpg,IMG_0612.HEIC,4
sxs2026092200744.jpg,IMG_0494_2.jpg,IMG_0494.HEIC,2
sxs2026092200745.jpg,IMG_0498_4.jpg,IMG_0498.HEIC,4
sxs2026092200746.jpg,IMG_0750_2.jpg,IMG_0750.HEIC,2
sxs2026092200747.jpg,IMG_0729_3.jpg,IMG_0729.HEIC,3
sxs2026092200748.jpg,IMG_0555_1.jpg,IMG_0555.HEIC,1
sxs2026092200749.jpg,IMG_0581_1.jpg,IMG_0581.HEIC,1
sxs2026092200750.jpg,IMG_0482_4.jpg,IMG_0482.HEIC,4
sxs2026092200751.jpg,IMG_0708_1.jpg,IMG_0708.HEIC,1
sxs2026092200752.jpg,IMG_0704_2.jpg,IMG_0704.HEIC,2
sxs2026092200753.jpg,IMG_0682_3.jpg,IMG_0682.HEIC,3
sxs2026092200754.jpg,IMG_0544_2.jpg,IMG_0544.HEIC,2
sxs2026092200755.jpg,IMG_0793_1.jpg,IMG_0793.HEIC,1
sxs2026092200756.jpg,IMG_0565_2.jpg,IMG_0565.HEIC,2
sxs2026092200757.jpg,IMG_0479_1.jpg,IMG_0479.HEIC,1
sxs2026092200758.jpg,IMG_0676_2.jpg,IMG_0676.HEIC,2
sxs2026092200759.jpg,IMG_0622_1.jpg,IMG_0622.HEIC,1
sxs2026092200760.jpg,IMG_0733_1.jpg,IMG_0733.HEIC,1
sxs2026092200761.jpg,IMG_0522_1.jpg,IMG_0522.HEIC,1
sxs2026092200762.jpg,IMG_0573_3.jpg,IMG_0573.HEIC,3
sxs2026092200763.jpg,IMG_0549_3.jpg,IMG_0549.HEIC,3
sxs2026092200764.jpg,IMG_0485_2.jpg,IMG_0485.HEIC,2
sxs2026092200765.jpg,IMG_0637_3.jpg,IMG_0637.HEIC,3
sxs2026092200766.jpg,IMG_0772_2.jpg,IMG_0772.HEIC,2
sxs2026092200767.jpg,IMG_0696_1.jpg,IMG_0696.HEIC,1
sxs2026092200768.jpg,IMG_0717_1.jpg,IMG_0717.HEIC,1
sxs2026092200769.jpg,IMG_0521_1.jpg,IMG_0521.HEIC,1
sxs2026092200770.jpg,IMG_0625_3.jpg,IMG_0625.HEIC,3
sxs2026092200771.jpg,IMG_0762_2.jpg,IMG_0762.HEIC,2
sxs2026092200772.jpg,IMG_0525_1.jpg,IMG_0525.HEIC,1
sxs2026092200773.jpg,IMG_0662_1.jpg,IMG_0662.HEIC,1
sxs2026092200774.jpg,IMG_0724_4.jpg,IMG_0724.HEIC,4
sxs2026092200775.jpg,IMG_0737_1.jpg,IMG_0737.HEIC,1
sxs2026092200776.jpg,IMG_0518_3.jpg,IMG_0518.HEIC,3
sxs2026092200777.jpg,IMG_0673_4.jpg,IMG_0673.HEIC,4
sxs2026092200778.jpg,IMG_0764_1.jpg,IMG_0764.HEIC,1
sxs2026092200779.jpg,IMG_0718_4.jpg,IMG_0718.HEIC,4
sxs2026092200780.jpg,IMG_0787_3.jpg,IMG_0787.HEIC,3
sxs2026092200781.jpg,IMG_0533_3.jpg,IMG_0533.HEIC,3
sxs2026092200782.jpg,IMG_0739_2.jpg,IMG_0739.HEIC,2
sxs2026092200783.jpg,IMG_0664_3.jpg,IMG_0664.HEIC,3
sxs2026092200784.jpg,IMG_0509_3.jpg,IMG_0509.HEIC,3
sxs2026092200785.jpg,IMG_0669_1.jpg,IMG_0669.HEIC,1
sxs2026092200786.jpg,IMG_0780_1.jpg,IMG_0780.HEIC,1
sxs2026092200787.jpg,IMG_0564_3.jpg,IMG_0564.HEIC,3
sxs2026092200788.jpg,IMG_0763_4.jpg,IMG_0763.HEIC,4
sxs2026092200789.jpg,IMG_0692_4.jpg,IMG_0692.HEIC,4
sxs2026092200790.jpg,IMG_0711_1.jpg,IMG_0711.HEIC,1
sxs2026092200791.jpg,IMG_0524_4.jpg,IMG_0524.HEIC,4
sxs2026092200792.jpg,IMG_0792_2.jpg,IMG_0792.HEIC,2
sxs2026092200793.jpg,IMG_0527_4.jpg,IMG_0527.HEIC,4
sxs2026092200794.jpg,IMG_0741_3.jpg,IMG_0741.HEIC,3
sxs2026092200795.jpg,IMG_0561_4.jpg,IMG_0561.HEIC,4
sxs2026092200796.jpg,IMG_0550_3.jpg,IMG_0550.HEIC,3
sxs2026092200797.jpg,IMG_0654_4.jpg,IMG_0654.HEIC,4
sxs2026092200798.jpg,IMG_0740_2.jpg,IMG_0740.HEIC,2
sxs2026092200799.jpg,IMG_0474_4.jpg,IMG_0474.HEIC,4
sxs2026092200800.jpg,IMG_0645_3.jpg,IMG_0645.HEIC,3
sxs2026092200801.jpg,IMG_0722_1.jpg,IMG_0722.HEIC,1
sxs2026092200802.jpg,IMG_0712_2.jpg,IMG_0712.HEIC,2
sxs2026092200803.jpg,IMG_0674_1.jpg,IMG_0674.HEIC,1
sxs2026092200804.jpg,IMG_0590_4.jpg,IMG_0590.HEIC,4
sxs2026092200805.jpg,IMG_0716_2.jpg,IMG_0716.HEIC,2
sxs2026092200806.jpg,IMG_0571_4.jpg,IMG_0571.HEIC,4
sxs2026092200807.jpg,IMG_0787_2.jpg,IMG_0787.HEIC,2
sxs2026092200808.jpg,IMG_0778_3.jpg,IMG_0778.HEIC,3
sxs2026092200809.jpg,IMG_0742_3.jpg,IMG_0742.HEIC,3
sxs2026092200810.jpg,IMG_0542_4.jpg,IMG_0542.HEIC,4
sxs2026092200811.jpg,IMG_0562_4.jpg,IMG_0562.HEIC,4
sxs2026092200812.jpg,IMG_0674_2.jpg,IMG_0674.HEIC,2
sxs2026092200813.jpg,IMG_0561_3.jpg,IMG_0561.HEIC,3
sxs2026092200814.jpg,IMG_0467_3.jpg,IMG_0467.HEIC,3
sxs2026092200815.jpg,IMG_0535_4.jpg,IMG_0535.HEIC,4
sxs2026092200816.jpg,IMG_0698_4.jpg,IMG_0698.HEIC,4
sxs2026092200817.jpg,IMG_0755_1.jpg,IMG_0755.HEIC,1
sxs2026092200818.jpg,IMG_0654_1.jpg,IMG_0654.HEIC,1
sxs2026092200819.jpg,IMG_0469_2.jpg,IMG_0469.HEIC,2
sxs2026092200820.jpg,IMG_0727_4.jpg,IMG_0727.HEIC,4
sxs2026092200821.jpg,IMG_0531_3.jpg,IMG_0531.HEIC,3
sxs2026092200822.jpg,IMG_0580_3.jpg,IMG_0580.HEIC,3
sxs2026092200823.jpg,IMG_0584_3.jpg,IMG_0584.HEIC,3
sxs2026092200824.jpg,IMG_0588_2.jpg,IMG_0588.HEIC,2
sxs2026092200825.jpg,IMG_0596_2.jpg,IMG_0596.HEIC,2
sxs2026092200826.jpg,IMG_0572_1.jpg,IMG_0572.HEIC,1
sxs2026092200827.jpg,IMG_0743_3.jpg,IMG_0743.HEIC,3
sxs2026092200828.jpg,IMG_0658_3.jpg,IMG_0658.HEIC,3
sxs2026092200829.jpg,IMG_0691_4.jpg,IMG_0691.HEIC,4
sxs2026092200830.jpg,IMG_0582_3.jpg,IMG_0582.HEIC,3
sxs2026092200831.jpg,IMG_0580_2.jpg,IMG_0580.HEIC,2
sxs2026092200832.jpg,IMG_0571_2.jpg,IMG_0571.HEIC,2
sxs2026092200833.jpg,IMG_0760_3.jpg,IMG_0760.HEIC,3
sxs2026092200834.jpg,IMG_0593_2.jpg,IMG_0593.HEIC,2
sxs2026092200835.jpg,IMG_0703_2.jpg,IMG_0703.HEIC,2
sxs2026092200836.jpg,IMG_0598_2.jpg,IMG_0598.HEIC,2
sxs2026092200837.jpg,IMG_0558_2.jpg,IMG_0558.HEIC,2
sxs2026092200838.jpg,IMG_0615_2.jpg,IMG_0615.HEIC,2
sxs2026092200839.jpg,IMG_0585_4.jpg,IMG_0585.HEIC,4
sxs2026092200840.jpg,IMG_0523_1.jpg,IMG_0523.HEIC,1
sxs2026092200841.jpg,IMG_0476_1.jpg,IMG_0476.HEIC,1
sxs2026092200842.jpg,IMG_0607_4.jpg,IMG_0607.HEIC,4
sxs2026092200843.jpg,IMG_0599_3.jpg,IMG_0599.HEIC,3
sxs2026092200844.jpg,IMG_0590_2.jpg,IMG_0590.HEIC,2
sxs2026092200845.jpg,IMG_0694_3.jpg,IMG_0694.HEIC,3
sxs2026092200846.jpg,IMG_0595_3.jpg,IMG_0595.HEIC,3
sxs2026092200847.jpg,IMG_0500_2.jpg,IMG_0500.HEIC,2
sxs2026092200848.jpg,IMG_0672_1.jpg,IMG_0672.HEIC,1
sxs2026092200849.jpg,IMG_0767_1.jpg,IMG_0767.HEIC,1
sxs2026092200850.jpg,IMG_0627_3.jpg,IMG_0627.HEIC,3
sxs2026092200851.jpg,IMG_0538_3.jpg,IMG_0538.HEIC,3
sxs2026092200852.jpg,IMG_0640_3.jpg,IMG_0640.HEIC,3
sxs2026092200853.jpg,IMG_0746_3.jpg,IMG_0746.HEIC,3
sxs2026092200854.jpg,IMG_0548_3.jpg,IMG_0548.HEIC,3
sxs2026092200855.jpg,IMG_0507_1.jpg,IMG_0507.HEIC,1
sxs2026092200856.jpg,IMG_0467_1.jpg,IMG_0467.HEIC,1
sxs2026092200857.jpg,IMG_0768_3.jpg,IMG_0768.HEIC,3
sxs2026092200858.jpg,IMG_0476_4.jpg,IMG_0476.HEIC,4
sxs2026092200859.jpg,IMG_0579_4.jpg,IMG_0579.HEIC,4
sxs2026092200860.jpg,IMG_0591_2.jpg,IMG_0591.HEIC,2
sxs2026092200861.jpg,IMG_0781_2.jpg,IMG_0781.HEIC,2
sxs2026092200862.jpg,IMG_0552_3.jpg,IMG_0552.HEIC,3
sxs2026092200863.jpg,IMG_0788_2.jpg,IMG_0788.HEIC,2
sxs2026092200864.jpg,IMG_0722_3.jpg,IMG_0722.HEIC,3
sxs2026092200865.jpg,IMG_0670_4.jpg,IMG_0670.HEIC,4
sxs2026092200866.jpg,IMG_0740_3.jpg,IMG_0740.HEIC,3
sxs2026092200867.jpg,IMG_0679_2.jpg,IMG_0679.HEIC,2
sxs2026092200868.jpg,IMG_0563_1.jpg,IMG_0563.HEIC,1
sxs2026092200869.jpg,IMG_0695_4.jpg,IMG_0695.HEIC,4
sxs2026092200870.jpg,IMG_0735_2.jpg,IMG_0735.HEIC,2
sxs2026092200871.jpg,IMG_0485_3.jpg,IMG_0485.HEIC,3
sxs2026092200872.jpg,IMG_0476_3.jpg,IMG_0476.HEIC,3
sxs2026092200873.jpg,IMG_0721_1.jpg,IMG_0721.HEIC,1
sxs2026092200874.jpg,IMG_0570_2.jpg,IMG_0570.HEIC,2
sxs2026092200875.jpg,IMG_0468_2.jpg,IMG_0468.HEIC,2
sxs2026092200876.jpg,IMG_0545_1.jpg,IMG_0545.HEIC,1
sxs2026092200877.jpg,IMG_0770_1.jpg,IMG_0770.HEIC,1
sxs2026092200878.jpg,IMG_0788_3.jpg,IMG_0788.HEIC,3
sxs2026092200879.jpg,IMG_0652_2.jpg,IMG_0652.HEIC,2
sxs2026092200880.jpg,IMG_0702_3.jpg,IMG_0702.HEIC,3
sxs2026092200881.jpg,IMG_0470_2.jpg,IMG_0470.HEIC,2
sxs2026092200882.jpg,IMG_0599_2.jpg,IMG_0599.HEIC,2
sxs2026092200883.jpg,IMG_0631_1.jpg,IMG_0631.HEIC,1
sxs2026092200884.jpg,IMG_0619_4.jpg,IMG_0619.HEIC,4
sxs2026092200885.jpg,IMG_0538_1.jpg,IMG_0538.HEIC,1
sxs2026092200886.jpg,IMG_0680_3.jpg,IMG_0680.HEIC,3
sxs2026092200887.jpg,IMG_0531_4.jpg,IMG_0531.HEIC,4
sxs2026092200888.jpg,IMG_0540_2.jpg,IMG_0540.HEIC,2
sxs2026092200889.jpg,IMG_0513_2.jpg,IMG_0513.HEIC,2
sxs2026092200890.jpg,IMG_0495_2.jpg,IMG_0495.HEIC,2
sxs2026092200891.jpg,IMG_0684_3.jpg,IMG_0684.HEIC,3
sxs2026092200892.jpg,IMG_0493_3.jpg,IMG_0493.HEIC,3
sxs2026092200893.jpg,IMG_0755_4.jpg,IMG_0755.HEIC,4
sxs2026092200894.jpg,IMG_0655_3.jpg,IMG_0655.HEIC,3
sxs2026092200895.jpg,IMG_0601_2.jpg,IMG_0601.HEIC,2
sxs2026092200896.jpg,IMG_0654_2.jpg,IMG_0654.HEIC,2
sxs2026092200897.jpg,IMG_0504_3.jpg,IMG_0504.HEIC,3
sxs2026092200898.jpg,IMG_0603_4.jpg,IMG_0603.HEIC,4
sxs2026092200899.jpg,IMG_0557_3.jpg,IMG_0557.HEIC,3
sxs2026092200900.jpg,IMG_0639_2.jpg,IMG_0639.HEIC,2
sxs2026092200901.jpg,IMG_0753_2.jpg,IMG_0753.HEIC,2
sxs2026092200902.jpg,IMG_0532_2.jpg,IMG_0532.HEIC,2
sxs2026092200903.jpg,IMG_0707_4.jpg,IMG_0707.HEIC,4
sxs2026092200904.jpg,IMG_0764_4.jpg,IMG_0764.HEIC,4
sxs2026092200905.jpg,IMG_0501_2.jpg,IMG_0501.HEIC,2
sxs2026092200906.jpg,IMG_0609_4.jpg,IMG_0609.HEIC,4
sxs2026092200907.jpg,IMG_0749_3.jpg,IMG_0749.HEIC,3
sxs2026092200908.jpg,IMG_0673_2.jpg,IMG_0673.HEIC,2
sxs2026092200909.jpg,IMG_0730_2.jpg,IMG_0730.HEIC,2
sxs2026092200910.jpg,IMG_0541_3.jpg,IMG_0541.HEIC,3
sxs2026092200911.jpg,IMG_0707_3.jpg,IMG_0707.HEIC,3
sxs2026092200912.jpg,IMG_0570_3.jpg,IMG_0570.HEIC,3
sxs2026092200913.jpg,IMG_0788_1.jpg,IMG_0788.HEIC,1
sxs2026092200914.jpg,IMG_0518_4.jpg,IMG_0518.HEIC,4
sxs2026092200915.jpg,IMG_0505_4.jpg,IMG_0505.HEIC,4
sxs2026092200916.jpg,IMG_0712_3.jpg,IMG_0712.HEIC,3
sxs2026092200917.jpg,IMG_0756_3.jpg,IMG_0756.HEIC,3
sxs2026092200918.jpg,IMG_0564_4.jpg,IMG_0564.HEIC,4
sxs2026092200919.jpg,IMG_0636_4.jpg,IMG_0636.HEIC,4
sxs2026092200920.jpg,IMG_0667_4.jpg,IMG_0667.HEIC,4
sxs2026092200921.jpg,IMG_0505_1.jpg,IMG_0505.HEIC,1
sxs2026092200922.jpg,IMG_0617_4.jpg,IMG_0617.HEIC,4
sxs2026092200923.jpg,IMG_0684_4.jpg,IMG_0684.HEIC,4
sxs2026092200924.jpg,IMG_0664_1.jpg,IMG_0664.HEIC,1
sxs2026092200925.jpg,IMG_0616_4.jpg,IMG_0616.HEIC,4
sxs2026092200926.jpg,IMG_0641_3.jpg,IMG_0641.HEIC,3
sxs2026092200927.jpg,IMG_0693_4.jpg,IMG_0693.HEIC,4
sxs2026092200928.jpg,IMG_0525_2.jpg,IMG_0525.HEIC,2
sxs2026092200929.jpg,IMG_0645_1.jpg,IMG_0645.HEIC,1
sxs2026092200930.jpg,IMG_0669_4.jpg,IMG_0669.HEIC,4
sxs2026092200931.jpg,IMG_0616_3.jpg,IMG_0616.HEIC,3
sxs2026092200932.jpg,IMG_0774_1.jpg,IMG_0774.HEIC,1
sxs2026092200933.jpg,IMG_0526_4.jpg,IMG_0526.HEIC,4
sxs2026092200934.jpg,IMG_0713_4.jpg,IMG_0713.HEIC,4
sxs2026092200935.jpg,IMG_0559_4.jpg,IMG_0559.HEIC,4
sxs2026092200936.jpg,IMG_0616_1.jpg,IMG_0616.HEIC,1
sxs2026092200937.jpg,IMG_0678_3.jpg,IMG_0678.HEIC,3
sxs2026092200938.jpg,IMG_0697_4.jpg,IMG_0697.HEIC,4
sxs2026092200939.jpg,IMG_0705_1.jpg,IMG_0705.HEIC,1
sxs2026092200940.jpg,IMG_0715_1.jpg,IMG_0715.HEIC,1
sxs2026092200941.jpg,IMG_0700_4.jpg,IMG_0700.HEIC,4
sxs2026092200942.jpg,IMG_0648_2.jpg,IMG_0648.HEIC,2
sxs2026092200943.jpg,IMG_0566_1.jpg,IMG_0566.HEIC,1
sxs2026092200944.jpg,IMG_0652_1.jpg,IMG_0652.HEIC,1
sxs2026092200945.jpg,IMG_0628_1.jpg,IMG_0628.HEIC,1
sxs2026092200946.jpg,IMG_0475_3.jpg,IMG_0475.HEIC,3
sxs2026092200947.jpg,IMG_0498_3.jpg,IMG_0498.HEIC,3
sxs2026092200948.jpg,IMG_0776_1.jpg,IMG_0776.HEIC,1
sxs2026092200949.jpg,IMG_0473_2.jpg,IMG_0473.HEIC,2
sxs2026092200950.jpg,IMG_0615_4.jpg,IMG_0615.HEIC,4
sxs2026092200951.jpg,IMG_0711_3.jpg,IMG_0711.HEIC,3
sxs2026092200952.jpg,IMG_0755_3.jpg,IMG_0755.HEIC,3
sxs2026092200953.jpg,IMG_0576_3.jpg,IMG_0576.HEIC,3
sxs2026092200954.jpg,IMG_0582_4.jpg,IMG_0582.HEIC,4
sxs2026092200955.jpg,IMG_0501_1.jpg,IMG_0501.HEIC,1
sxs2026092200956.jpg,IMG_0726_1.jpg,IMG_0726.HEIC,1
sxs2026092200957.jpg,IMG_0528_2.jpg,IMG_0528.HEIC,2
sxs2026092200958.jpg,IMG_0623_2.jpg,IMG_0623.HEIC,2
sxs2026092200959.jpg,IMG_0490_3.jpg,IMG_0490.HEIC,3
sxs2026092200960.jpg,IMG_0495_1.jpg,IMG_0495.HEIC,1
sxs2026092200961.jpg,IMG_0531_1.jpg,IMG_0531.HEIC,1
sxs2026092200962.jpg,IMG_0567_4.jpg,IMG_0567.HEIC,4
sxs2026092200963.jpg,IMG_0513_1.jpg,IMG_0513.HEIC,1
sxs2026092200964.jpg,IMG_0765_2.jpg,IMG_0765.HEIC,2
sxs2026092200965.jpg,IMG_0736_2.jpg,IMG_0736.HEIC,2
sxs2026092200966.jpg,IMG_0656_3.jpg,IMG_0656.HEIC,3
sxs2026092200967.jpg,IMG_0566_4.jpg,IMG_0566.HEIC,4
sxs2026092200968.jpg,IMG_0636_1.jpg,IMG_0636.HEIC,1
sxs2026092200969.jpg,IMG_0639_3.jpg,IMG_0639.HEIC,3
sxs2026092200970.jpg,IMG_0778_1.jpg,IMG_0778.HEIC,1
sxs2026092200971.jpg,IMG_0777_4.jpg,IMG_0777.HEIC,4
sxs2026092200972.jpg,IMG_0683_1.jpg,IMG_0683.HEIC,1
sxs2026092200973.jpg,IMG_0747_3.jpg,IMG_0747.HEIC,3
sxs2026092200974.jpg,IMG_0585_3.jpg,IMG_0585.HEIC,3
sxs2026092200975.jpg,IMG_0785_2.jpg,IMG_0785.HEIC,2
sxs2026092200976.jpg,IMG_0663_1.jpg,IMG_0663.HEIC,1
sxs2026092200977.jpg,IMG_0536_4.jpg,IMG_0536.HEIC,4
sxs2026092200978.jpg,IMG_0547_3.jpg,IMG_0547.HEIC,3
sxs2026092200979.jpg,IMG_0532_4.jpg,IMG_0532.HEIC,4
sxs2026092200980.jpg,IMG_0569_1.jpg,IMG_0569.HEIC,1
sxs2026092200981.jpg,IMG_0624_1.jpg,IMG_0624.HEIC,1
sxs2026092200982.jpg,IMG_0774_4.jpg,IMG_0774.HEIC,4
sxs2026092200983.jpg,IMG_0688_4.jpg,IMG_0688.HEIC,4
sxs2026092200984.jpg,IMG_0653_2.jpg,IMG_0653.HEIC,2
sxs2026092200985.jpg,IMG_0715_2.jpg,IMG_0715.HEIC,2
sxs2026092200986.jpg,IMG_0479_2.jpg,IMG_0479.HEIC,2
sxs2026092200987.jpg,IMG_0630_2.jpg,IMG_0630.HEIC,2
sxs2026092200988.jpg,IMG_0760_1.jpg,IMG_0760.HEIC,1
sxs2026092200989.jpg,IMG_0544_1.jpg,IMG_0544.HEIC,1
sxs2026092200990.jpg,IMG_0653_3.jpg,IMG_0653.HEIC,3
sxs2026092200991.jpg,IMG_0716_1.jpg,IMG_0716.HEIC,1
sxs2026092200992.jpg,IMG_0666_3.jpg,IMG_0666.HEIC,3
sxs2026092200993.jpg,IMG_0579_2.jpg,IMG_0579.HEIC,2
sxs2026092200994.jpg,IMG_0623_4.jpg,IMG_0623.HEIC,4
sxs2026092200995.jpg,IMG_0638_1.jpg,IMG_0638.HEIC,1
sxs2026092200996.jpg,IMG_0661_3.jpg,IMG_0661.HEIC,3
sxs2026092200997.jpg,IMG_0554_4.jpg,IMG_0554.HEIC,4
sxs2026092200998.jpg,IMG_0503_1.jpg,IMG_0503.HEIC,1
sxs2026092200999.jpg,IMG_0682_1.jpg,IMG_0682.HEIC,1
sxs2026092201000.jpg,IMG_0760_2.jpg,IMG_0760.HEIC,2
sxs2026092201001.jpg,IMG_0660_2.jpg,IMG_0660.HEIC,2
sxs2026092201002.jpg,IMG_0675_3.jpg,IMG_0675.HEIC,3
sxs2026092201003.jpg,IMG_0731_1.jpg,IMG_0731.HEIC,1
sxs2026092201004.jpg,IMG_0719_4.jpg,IMG_0719.HEIC,4
sxs2026092201005.jpg,IMG_0649_2.jpg,IMG_0649.HEIC,2
sxs2026092201006.jpg,IMG_0502_2.jpg,IMG_0502.HEIC,2
sxs2026092201007.jpg,IMG_0611_3.jpg,IMG_0611.HEIC,3
sxs2026092201008.jpg,IMG_0538_2.jpg,IMG_0538.HEIC,2
sxs2026092201009.jpg,IMG_0484_3.jpg,IMG_0484.HEIC,3
sxs2026092201010.jpg,IMG_0783_4.jpg,IMG_0783.HEIC,4
sxs2026092201011.jpg,IMG_0691_3.jpg,IMG_0691.HEIC,3
sxs2026092201012.jpg,IMG_0751_2.jpg,IMG_0751.HEIC,2
sxs2026092201013.jpg,IMG_0484_4.jpg,IMG_0484.HEIC,4
sxs2026092201014.jpg,IMG_0783_3.jpg,IMG_0783.HEIC,3
sxs2026092201015.jpg,IMG_0560_2.jpg,IMG_0560.HEIC,2
sxs2026092201016.jpg,IMG_0578_3.jpg,IMG_0578.HEIC,3
sxs2026092201017.jpg,IMG_0626_2.jpg,IMG_0626.HEIC,2
sxs2026092201018.jpg,IMG_0549_1.jpg,IMG_0549.HEIC,1
sxs2026092201019.jpg,IMG_0747_4.jpg,IMG_0747.HEIC,4
sxs2026092201020.jpg,IMG_0560_4.jpg,IMG_0560.HEIC,4
sxs2026092201021.jpg,IMG_0621_1.jpg,IMG_0621.HEIC,1
sxs2026092201022.jpg,IMG_0713_3.jpg,IMG_0713.HEIC,3
sxs2026092201023.jpg,IMG_0686_2.jpg,IMG_0686.HEIC,2
sxs2026092201024.jpg,IMG_0746_4.jpg,IMG_0746.HEIC,4
sxs2026092201025.jpg,IMG_0793_4.jpg,IMG_0793.HEIC,4
sxs2026092201026.jpg,IMG_0702_4.jpg,IMG_0702.HEIC,4
sxs2026092201027.jpg,IMG_0562_1.jpg,IMG_0562.HEIC,1
sxs2026092201028.jpg,IMG_0735_4.jpg,IMG_0735.HEIC,4
sxs2026092201029.jpg,IMG_0772_3.jpg,IMG_0772.HEIC,3
sxs2026092201030.jpg,IMG_0689_3.jpg,IMG_0689.HEIC,3
sxs2026092201031.jpg,IMG_0587_3.jpg,IMG_0587.HEIC,3
sxs2026092201032.jpg,IMG_0789_4.jpg,IMG_0789.HEIC,4
sxs2026092201033.jpg,IMG_0644_1.jpg,IMG_0644.HEIC,1
sxs2026092201034.jpg,IMG_0649_4.jpg,IMG_0649.HEIC,4
sxs2026092201035.jpg,IMG_0769_1.jpg,IMG_0769.HEIC,1
sxs2026092201036.jpg,IMG_0486_1.jpg,IMG_0486.HEIC,1
sxs2026092201037.jpg,IMG_0522_4.jpg,IMG_0522.HEIC,4
sxs2026092201038.jpg,IMG_0554_1.jpg,IMG_0554.HEIC,1
sxs2026092201039.jpg,IMG_0754_1.jpg,IMG_0754.HEIC,1
sxs2026092201040.jpg,IMG_0790_2.jpg,IMG_0790.HEIC,2
sxs2026092201041.jpg,IMG_0750_1.jpg,IMG_0750.HEIC,1
sxs2026092201042.jpg,IMG_0662_2.jpg,IMG_0662.HEIC,2
sxs2026092201043.jpg,IMG_0703_1.jpg,IMG_0703.HEIC,1
sxs2026092201044.jpg,IMG_0598_3.jpg,IMG_0598.HEIC,3
sxs2026092201045.jpg,IMG_0703_3.jpg,IMG_0703.HEIC,3
sxs2026092201046.jpg,IMG_0556_2.jpg,IMG_0556.HEIC,2
sxs2026092201047.jpg,IMG_0631_2.jpg,IMG_0631.HEIC,2
sxs2026092201048.jpg,IMG_0640_4.jpg,IMG_0640.HEIC,4
sxs2026092201049.jpg,IMG_0578_1.jpg,IMG_0578.HEIC,1
sxs2026092201050.jpg,IMG_0717_4.jpg,IMG_0717.HEIC,4
sxs2026092201051.jpg,IMG_0786_2.jpg,IMG_0786.HEIC,2
sxs2026092201052.jpg,IMG_0732_4.jpg,IMG_0732.HEIC,4
sxs2026092201053.jpg,IMG_0500_1.jpg,IMG_0500.HEIC,1
sxs2026092201054.jpg,IMG_0552_2.jpg,IMG_0552.HEIC,2
sxs2026092201055.jpg,IMG_0726_2.jpg,IMG_0726.HEIC,2
sxs2026092201056.jpg,IMG_0585_2.jpg,IMG_0585.HEIC,2
sxs2026092201057.jpg,IMG_0527_2.jpg,IMG_0527.HEIC,2
sxs2026092201058.jpg,IMG_0546_1.jpg,IMG_0546.HEIC,1
sxs2026092201059.jpg,IMG_0678_2.jpg,IMG_0678.HEIC,2
sxs2026092201060.jpg,IMG_0762_1.jpg,IMG_0762.HEIC,1
sxs2026092201061.jpg,IMG_0504_2.jpg,IMG_0504.HEIC,2
sxs2026092201062.jpg,IMG_0575_4.jpg,IMG_0575.HEIC,4
sxs2026092201063.jpg,IMG_0612_3.jpg,IMG_0612.HEIC,3
sxs2026092201064.jpg,IMG_0575_2.jpg,IMG_0575.HEIC,2
sxs2026092201065.jpg,IMG_0550_1.jpg,IMG_0550.HEIC,1
sxs2026092201066.jpg,IMG_0744_4.jpg,IMG_0744.HEIC,4
sxs2026092201067.jpg,IMG_0629_1.jpg,IMG_0629.HEIC,1
sxs2026092201068.jpg,IMG_0729_2.jpg,IMG_0729.HEIC,2
sxs2026092201069.jpg,IMG_0511_2.jpg,IMG_0511.HEIC,2
sxs2026092201070.jpg,IMG_0660_3.jpg,IMG_0660.HEIC,3
sxs2026092201071.jpg,IMG_0743_2.jpg,IMG_0743.HEIC,2
sxs2026092201072.jpg,IMG_0497_4.jpg,IMG_0497.HEIC,4
sxs2026092201073.jpg,IMG_0688_1.jpg,IMG_0688.HEIC,1
sxs2026092201074.jpg,IMG_0743_1.jpg,IMG_0743.HEIC,1
sxs2026092201075.jpg,IMG_0545_4.jpg,IMG_0545.HEIC,4
sxs2026092201076.jpg,IMG_0509_2.jpg,IMG_0509.HEIC,2
sxs2026092201077.jpg,IMG_0733_2.jpg,IMG_0733.HEIC,2
sxs2026092201078.jpg,IMG_0749_1.jpg,IMG_0749.HEIC,1
sxs2026092201079.jpg,IMG_0586_3.jpg,IMG_0586.HEIC,3
sxs2026092201080.jpg,IMG_0719_3.jpg,IMG_0719.HEIC,3
sxs2026092201081.jpg,IMG_0782_1.jpg,IMG_0782.HEIC,1
sxs2026092201082.jpg,IMG_0642_4.jpg,IMG_0642.HEIC,4
sxs2026092201083.jpg,IMG_0588_4.jpg,IMG_0588.HEIC,4
sxs2026092201084.jpg,IMG_0766_3.jpg,IMG_0766.HEIC,3
sxs2026092201085.jpg,IMG_0646_2.jpg,IMG_0646.HEIC,2
sxs2026092201086.jpg,IMG_0510_2.jpg,IMG_0510.HEIC,2
sxs2026092201087.jpg,IMG_0543_2.jpg,IMG_0543.HEIC,2
sxs2026092201088.jpg,IMG_0744_3.jpg,IMG_0744.HEIC,3
sxs2026092201089.jpg,IMG_0715_3.jpg,IMG_0715.HEIC,3
sxs2026092201090.jpg,IMG_0529_3.jpg,IMG_0529.HEIC,3
sxs2026092201091.jpg,IMG_0736_4.jpg,IMG_0736.HEIC,4
sxs2026092201092.jpg,IMG_0577_1.jpg,IMG_0577.HEIC,1
sxs2026092201093.jpg,IMG_0583_4.jpg,IMG_0583.HEIC,4
sxs2026092201094.jpg,IMG_0720_2.jpg,IMG_0720.HEIC,2
sxs2026092201095.jpg,IMG_0475_4.jpg,IMG_0475.HEIC,4
sxs2026092201096.jpg,IMG_0751_1.jpg,IMG_0751.HEIC,1
sxs2026092201097.jpg,IMG_0644_4.jpg,IMG_0644.HEIC,4
sxs2026092201098.jpg,IMG_0766_4.jpg,IMG_0766.HEIC,4
sxs2026092201099.jpg,IMG_0519_3.jpg,IMG_0519.HEIC,3
sxs2026092201100.jpg,IMG_0574_1.jpg,IMG_0574.HEIC,1
sxs2026092201101.jpg,IMG_0689_2.jpg,IMG_0689.HEIC,2
sxs2026092201102.jpg,IMG_0742_4.jpg,IMG_0742.HEIC,4
sxs2026092201103.jpg,IMG_0668_1.jpg,IMG_0668.HEIC,1
sxs2026092201104.jpg,IMG_0492_1.jpg,IMG_0492.HEIC,1
sxs2026092201105.jpg,IMG_0743_4.jpg,IMG_0743.HEIC,4
sxs2026092201106.jpg,IMG_0755_2.jpg,IMG_0755.HEIC,2
sxs2026092201107.jpg,IMG_0678_4.jpg,IMG_0678.HEIC,4
sxs2026092201108.jpg,IMG_0568_4.jpg,IMG_0568.HEIC,4
sxs2026092201109.jpg,IMG_0710_2.jpg,IMG_0710.HEIC,2
sxs2026092201110.jpg,IMG_0754_3.jpg,IMG_0754.HEIC,3
sxs2026092201111.jpg,IMG_0640_1.jpg,IMG_0640.HEIC,1
sxs2026092201112.jpg,IMG_0765_4.jpg,IMG_0765.HEIC,4
sxs2026092201113.jpg,IMG_0693_2.jpg,IMG_0693.HEIC,2
sxs2026092201114.jpg,IMG_0773_2.jpg,IMG_0773.HEIC,2
sxs2026092201115.jpg,IMG_0584_1.jpg,IMG_0584.HEIC,1
sxs2026092201116.jpg,IMG_0550_4.jpg,IMG_0550.HEIC,4
sxs2026092201117.jpg,IMG_0483_2.jpg,IMG_0483.HEIC,2
sxs2026092201118.jpg,IMG_0624_4.jpg,IMG_0624.HEIC,4
sxs2026092201119.jpg,IMG_0704_1.jpg,IMG_0704.HEIC,1
sxs2026092201120.jpg,IMG_0686_4.jpg,IMG_0686.HEIC,4
sxs2026092201121.jpg,IMG_0503_2.jpg,IMG_0503.HEIC,2
sxs2026092201122.jpg,IMG_0517_1.jpg,IMG_0517.HEIC,1
sxs2026092201123.jpg,IMG_0526_1.jpg,IMG_0526.HEIC,1
sxs2026092201124.jpg,IMG_0592_3.jpg,IMG_0592.HEIC,3
sxs2026092201125.jpg,IMG_0694_2.jpg,IMG_0694.HEIC,2
sxs2026092201126.jpg,IMG_0618_2.jpg,IMG_0618.HEIC,2
sxs2026092201127.jpg,IMG_0785_1.jpg,IMG_0785.HEIC,1
sxs2026092201128.jpg,IMG_0706_4.jpg,IMG_0706.HEIC,4
sxs2026092201129.jpg,IMG_0484_1.jpg,IMG_0484.HEIC,1
sxs2026092201130.jpg,IMG_0701_3.jpg,IMG_0701.HEIC,3
sxs2026092201131.jpg,IMG_0781_1.jpg,IMG_0781.HEIC,1
sxs2026092201132.jpg,IMG_0626_1.jpg,IMG_0626.HEIC,1
sxs2026092201133.jpg,IMG_0655_1.jpg,IMG_0655.HEIC,1
sxs2026092201134.jpg,IMG_0567_3.jpg,IMG_0567.HEIC,3
sxs2026092201135.jpg,IMG_0752_4.jpg,IMG_0752.HEIC,4
sxs2026092201136.jpg,IMG_0745_2.jpg,IMG_0745.HEIC,2
sxs2026092201137.jpg,IMG_0467_4.jpg,IMG_0467.HEIC,4
sxs2026092201138.jpg,IMG_0790_1.jpg,IMG_0790.HEIC,1
sxs2026092201139.jpg,IMG_0726_3.jpg,IMG_0726.HEIC,3
sxs2026092201140.jpg,IMG_0478_4.jpg,IMG_0478.HEIC,4
sxs2026092201141.jpg,IMG_0468_1.jpg,IMG_0468.HEIC,1
sxs2026092201142.jpg,IMG_0572_4.jpg,IMG_0572.HEIC,4
sxs2026092201143.jpg,IMG_0633_2.jpg,IMG_0633.HEIC,2
sxs2026092201144.jpg,IMG_0749_2.jpg,IMG_0749.HEIC,2
sxs2026092201145.jpg,IMG_0617_3.jpg,IMG_0617.HEIC,3
sxs2026092201146.jpg,IMG_0556_1.jpg,IMG_0556.HEIC,1
sxs2026092201147.jpg,IMG_0692_3.jpg,IMG_0692.HEIC,3
sxs2026092201148.jpg,IMG_0653_4.jpg,IMG_0653.HEIC,4
sxs2026092201149.jpg,IMG_0548_1.jpg,IMG_0548.HEIC,1
sxs2026092201150.jpg,IMG_0745_4.jpg,IMG_0745.HEIC,4
sxs2026092201151.jpg,IMG_0710_3.jpg,IMG_0710.HEIC,3
sxs2026092201152.jpg,IMG_0553_3.jpg,IMG_0553.HEIC,3
sxs2026092201153.jpg,IMG_0558_1.jpg,IMG_0558.HEIC,1
sxs2026092201154.jpg,IMG_0769_4.jpg,IMG_0769.HEIC,4
sxs2026092201155.jpg,IMG_0693_3.jpg,IMG_0693.HEIC,3
sxs2026092201156.jpg,IMG_0468_4.jpg,IMG_0468.HEIC,4
sxs2026092201157.jpg,IMG_0643_4.jpg,IMG_0643.HEIC,4
sxs2026092201158.jpg,IMG_0636_3.jpg,IMG_0636.HEIC,3
sxs2026092201159.jpg,IMG_0719_2.jpg,IMG_0719.HEIC,2
sxs2026092201160.jpg,IMG_0548_2.jpg,IMG_0548.HEIC,2
sxs2026092201161.jpg,IMG_0776_4.jpg,IMG_0776.HEIC,4
sxs2026092201162.jpg,IMG_0539_1.jpg,IMG_0539.HEIC,1
sxs2026092201163.jpg,IMG_0598_1.jpg,IMG_0598.HEIC,1
sxs2026092201164.jpg,IMG_0514_2.jpg,IMG_0514.HEIC,2
sxs2026092201165.jpg,IMG_0692_2.jpg,IMG_0692.HEIC,2
sxs2026092201166.jpg,IMG_0530_2.jpg,IMG_0530.HEIC,2
sxs2026092201167.jpg,IMG_0486_4.jpg,IMG_0486.HEIC,4
sxs2026092201168.jpg,IMG_0677_2.jpg,IMG_0677.HEIC,2
sxs2026092201169.jpg,IMG_0721_4.jpg,IMG_0721.HEIC,4
sxs2026092201170.jpg,IMG_0748_2.jpg,IMG_0748.HEIC,2
sxs2026092201171.jpg,IMG_0554_2.jpg,IMG_0554.HEIC,2
sxs2026092201172.jpg,IMG_0475_1.jpg,IMG_0475.HEIC,1
sxs2026092201173.jpg,IMG_0791_4.jpg,IMG_0791.HEIC,4
sxs2026092201174.jpg,IMG_0660_4.jpg,IMG_0660.HEIC,4
sxs2026092201175.jpg,IMG_0657_1.jpg,IMG_0657.HEIC,1
sxs2026092201176.jpg,IMG_0568_3.jpg,IMG_0568.HEIC,3
sxs2026092201177.jpg,IMG_0491_2.jpg,IMG_0491.HEIC,2
sxs2026092201178.jpg,IMG_0521_3.jpg,IMG_0521.HEIC,3
sxs2026092201179.jpg,IMG_0546_4.jpg,IMG_0546.HEIC,4
sxs2026092201180.jpg,IMG_0504_4.jpg,IMG_0504.HEIC,4
sxs2026092201181.jpg,IMG_0520_2.jpg,IMG_0520.HEIC,2
sxs2026092201182.jpg,IMG_0725_3.jpg,IMG_0725.HEIC,3
sxs2026092201183.jpg,IMG_0767_2.jpg,IMG_0767.HEIC,2
sxs2026092201184.jpg,IMG_0524_3.jpg,IMG_0524.HEIC,3
sxs2026092201185.jpg,IMG_0535_2.jpg,IMG_0535.HEIC,2
sxs2026092201186.jpg,IMG_0541_1.jpg,IMG_0541.HEIC,1
sxs2026092201187.jpg,IMG_0777_3.jpg,IMG_0777.HEIC,3
sxs2026092201188.jpg,IMG_0720_1.jpg,IMG_0720.HEIC,1
sxs2026092201189.jpg,IMG_0630_4.jpg,IMG_0630.HEIC,4
sxs2026092201190.jpg,IMG_0560_1.jpg,IMG_0560.HEIC,1
sxs2026092201191.jpg,IMG_0561_1.jpg,IMG_0561.HEIC,1
sxs2026092201192.jpg,IMG_0503_4.jpg,IMG_0503.HEIC,4
sxs2026092201193.jpg,IMG_0691_1.jpg,IMG_0691.HEIC,1
sxs2026092201194.jpg,IMG_0578_2.jpg,IMG_0578.HEIC,2
sxs2026092201195.jpg,IMG_0576_4.jpg,IMG_0576.HEIC,4
sxs2026092201196.jpg,IMG_0713_2.jpg,IMG_0713.HEIC,2
sxs2026092201197.jpg,IMG_0727_2.jpg,IMG_0727.HEIC,2
sxs2026092201198.jpg,IMG_0521_2.jpg,IMG_0521.HEIC,2
sxs2026092201199.jpg,IMG_0641_1.jpg,IMG_0641.HEIC,1
sxs2026092201200.jpg,IMG_0763_3.jpg,IMG_0763.HEIC,3
sxs2026092201201.jpg,IMG_0722_2.jpg,IMG_0722.HEIC,2
sxs2026092201202.jpg,IMG_0792_4.jpg,IMG_0792.HEIC,4
sxs2026092201203.jpg,IMG_0634_4.jpg,IMG_0634.HEIC,4
sxs2026092201204.jpg,IMG_0614_3.jpg,IMG_0614.HEIC,3
sxs2026092201205.jpg,IMG_0614_1.jpg,IMG_0614.HEIC,1
sxs2026092201206.jpg,IMG_0695_2.jpg,IMG_0695.HEIC,2
sxs2026092201207.jpg,IMG_0506_3.jpg,IMG_0506.HEIC,3
sxs2026092201208.jpg,IMG_0574_2.jpg,IMG_0574.HEIC,2
sxs2026092201209.jpg,IMG_0698_3.jpg,IMG_0698.HEIC,3
sxs2026092201210.jpg,IMG_0499_4.jpg,IMG_0499.HEIC,4
sxs2026092201211.jpg,IMG_0646_3.jpg,IMG_0646.HEIC,3
sxs2026092201212.jpg,IMG_0777_2.jpg,IMG_0777.HEIC,2
sxs2026092201213.jpg,IMG_0694_4.jpg,IMG_0694.HEIC,4
sxs2026092201214.jpg,IMG_0740_4.jpg,IMG_0740.HEIC,4
sxs2026092201215.jpg,IMG_0646_4.jpg,IMG_0646.HEIC,4
sxs2026092201216.jpg,IMG_0700_2.jpg,IMG_0700.HEIC,2
sxs2026092201217.jpg,IMG_0486_2.jpg,IMG_0486.HEIC,2
sxs2026092201218.jpg,IMG_0768_1.jpg,IMG_0768.HEIC,1
sxs2026092201219.jpg,IMG_0620_3.jpg,IMG_0620.HEIC,3
sxs2026092201220.jpg,IMG_0638_2.jpg,IMG_0638.HEIC,2
sxs2026092201221.jpg,IMG_0577_4.jpg,IMG_0577.HEIC,4
sxs2026092201222.jpg,IMG_0519_1.jpg,IMG_0519.HEIC,1
sxs2026092201223.jpg,IMG_0523_4.jpg,IMG_0523.HEIC,4
sxs2026092201224.jpg,IMG_0653_1.jpg,IMG_0653.HEIC,1
sxs2026092201225.jpg,IMG_0758_1.jpg,IMG_0758.HEIC,1
sxs2026092201226.jpg,IMG_0559_2.jpg,IMG_0559.HEIC,2
sxs2026092201227.jpg,IMG_0526_2.jpg,IMG_0526.HEIC,2
sxs2026092201228.jpg,IMG_0787_4.jpg,IMG_0787.HEIC,4
sxs2026092201229.jpg,IMG_0474_3.jpg,IMG_0474.HEIC,3
sxs2026092201230.jpg,IMG_0731_4.jpg,IMG_0731.HEIC,4
sxs2026092201231.jpg,IMG_0705_4.jpg,IMG_0705.HEIC,4
sxs2026092201232.jpg,IMG_0781_3.jpg,IMG_0781.HEIC,3
sxs2026092201233.jpg,IMG_0676_4.jpg,IMG_0676.HEIC,4
sxs2026092201234.jpg,IMG_0556_3.jpg,IMG_0556.HEIC,3
sxs2026092201235.jpg,IMG_0610_3.jpg,IMG_0610.HEIC,3
sxs2026092201236.jpg,IMG_0481_3.jpg,IMG_0481.HEIC,3
sxs2026092201237.jpg,IMG_0471_3.jpg,IMG_0471.HEIC,3
sxs2026092201238.jpg,IMG_0563_2.jpg,IMG_0563.HEIC,2
sxs2026092201239.jpg,IMG_0696_2.jpg,IMG_0696.HEIC,2
sxs2026092201240.jpg,IMG_0780_4.jpg,IMG_0780.HEIC,4
sxs2026092201241.jpg,IMG_0707_1.jpg,IMG_0707.HEIC,1
sxs2026092201242.jpg,IMG_0507_3.jpg,IMG_0507.HEIC,3
sxs2026092201243.jpg,IMG_0474_2.jpg,IMG_0474.HEIC,2
sxs2026092201244.jpg,IMG_0655_4.jpg,IMG_0655.HEIC,4
sxs2026092201245.jpg,IMG_0472_3.jpg,IMG_0472.HEIC,3
sxs2026092201246.jpg,IMG_0539_4.jpg,IMG_0539.HEIC,4
sxs2026092201247.jpg,IMG_0483_4.jpg,IMG_0483.HEIC,4
sxs2026092201248.jpg,IMG_0629_3.jpg,IMG_0629.HEIC,3
sxs2026092201249.jpg,IMG_0764_2.jpg,IMG_0764.HEIC,2
sxs2026092201250.jpg,IMG_0630_3.jpg,IMG_0630.HEIC,3
sxs2026092201251.jpg,IMG_0553_1.jpg,IMG_0553.HEIC,1
sxs2026092201252.jpg,IMG_0679_4.jpg,IMG_0679.HEIC,4
sxs2026092201253.jpg,IMG_0475_2.jpg,IMG_0475.HEIC,2
sxs2026092201254.jpg,IMG_0664_2.jpg,IMG_0664.HEIC,2
sxs2026092201255.jpg,IMG_0488_2.jpg,IMG_0488.HEIC,2
sxs2026092201256.jpg,IMG_0665_2.jpg,IMG_0665.HEIC,2
sxs2026092201257.jpg,IMG_0514_4.jpg,IMG_0514.HEIC,4
sxs2026092201258.jpg,IMG_0741_1.jpg,IMG_0741.HEIC,1
sxs2026092201259.jpg,IMG_0671_1.jpg,IMG_0671.HEIC,1
sxs2026092201260.jpg,IMG_0751_4.jpg,IMG_0751.HEIC,4
sxs2026092201261.jpg,IMG_0747_1.jpg,IMG_0747.HEIC,1
sxs2026092201262.jpg,IMG_0659_3.jpg,IMG_0659.HEIC,3
sxs2026092201263.jpg,IMG_0582_1.jpg,IMG_0582.HEIC,1
sxs2026092201264.jpg,IMG_0756_1.jpg,IMG_0756.HEIC,1
sxs2026092201265.jpg,IMG_0602_4.jpg,IMG_0602.HEIC,4
sxs2026092201266.jpg,IMG_0654_3.jpg,IMG_0654.HEIC,3
sxs2026092201267.jpg,IMG_0763_2.jpg,IMG_0763.HEIC,2
sxs2026092201268.jpg,IMG_0556_4.jpg,IMG_0556.HEIC,4
sxs2026092201269.jpg,IMG_0781_4.jpg,IMG_0781.HEIC,4
sxs2026092201270.jpg,IMG_0495_4.jpg,IMG_0495.HEIC,4
sxs2026092201271.jpg,IMG_0585_1.jpg,IMG_0585.HEIC,1
sxs2026092201272.jpg,IMG_0603_2.jpg,IMG_0603.HEIC,2
sxs2026092201273.jpg,IMG_0527_1.jpg,IMG_0527.HEIC,1
sxs2026092201274.jpg,IMG_0480_3.jpg,IMG_0480.HEIC,3
sxs2026092201275.jpg,IMG_0519_4.jpg,IMG_0519.HEIC,4
sxs2026092201276.jpg,IMG_0639_1.jpg,IMG_0639.HEIC,1
sxs2026092201277.jpg,IMG_0505_3.jpg,IMG_0505.HEIC,3
sxs2026092201278.jpg,IMG_0630_1.jpg,IMG_0630.HEIC,1
sxs2026092201279.jpg,IMG_0586_1.jpg,IMG_0586.HEIC,1
sxs2026092201280.jpg,IMG_0537_2.jpg,IMG_0537.HEIC,2
sxs2026092201281.jpg,IMG_0733_3.jpg,IMG_0733.HEIC,3
sxs2026092201282.jpg,IMG_0691_2.jpg,IMG_0691.HEIC,2
sxs2026092201283.jpg,IMG_0484_2.jpg,IMG_0484.HEIC,2
sxs2026092201284.jpg,IMG_0595_4.jpg,IMG_0595.HEIC,4
sxs2026092201285.jpg,IMG_0542_3.jpg,IMG_0542.HEIC,3
sxs2026092201286.jpg,IMG_0588_1.jpg,IMG_0588.HEIC,1
sxs2026092201287.jpg,IMG_0469_4.jpg,IMG_0469.HEIC,4
sxs2026092201288.jpg,IMG_0687_2.jpg,IMG_0687.HEIC,2
sxs2026092201289.jpg,IMG_0794_2.jpg,IMG_0794.HEIC,2
sxs2026092201290.jpg,IMG_0685_2.jpg,IMG_0685.HEIC,2
sxs2026092201291.jpg,IMG_0658_1.jpg,IMG_0658.HEIC,1
sxs2026092201292.jpg,IMG_0512_3.jpg,IMG_0512.HEIC,3
sxs2026092201293.jpg,IMG_0757_1.jpg,IMG_0757.HEIC,1
sxs2026092201294.jpg,IMG_0559_1.jpg,IMG_0559.HEIC,1
sxs2026092201295.jpg,IMG_0593_4.jpg,IMG_0593.HEIC,4
sxs2026092201296.jpg,IMG_0477_1.jpg,IMG_0477.HEIC,1
sxs2026092201297.jpg,IMG_0779_3.jpg,IMG_0779.HEIC,3
sxs2026092201298.jpg,IMG_0547_2.jpg,IMG_0547.HEIC,2
sxs2026092201299.jpg,IMG_0593_3.jpg,IMG_0593.HEIC,3
sxs2026092201300.jpg,IMG_0683_2.jpg,IMG_0683.HEIC,2
sxs2026092201301.jpg,IMG_0618_3.jpg,IMG_0618.HEIC,3
sxs2026092201302.jpg,IMG_0773_3.jpg,IMG_0773.HEIC,3
sxs2026092201303.jpg,IMG_0619_3.jpg,IMG_0619.HEIC,3
sxs2026092201304.jpg,IMG_0596_3.jpg,IMG_0596.HEIC,3
sxs2026092201305.jpg,IMG_0793_3.jpg,IMG_0793.HEIC,3
sxs2026092201306.jpg,IMG_0627_4.jpg,IMG_0627.HEIC,4
sxs2026092201307.jpg,IMG_0471_1.jpg,IMG_0471.HEIC,1
sxs2026092201308.jpg,IMG_0730_3.jpg,IMG_0730.HEIC,3
sxs2026092201309.jpg,IMG_0587_2.jpg,IMG_0587.HEIC,2
sxs2026092201310.jpg,IMG_0632_1.jpg,IMG_0632.HEIC,1
sxs2026092201311.jpg,IMG_0779_4.jpg,IMG_0779.HEIC,4
sxs2026092201312.jpg,IMG_0471_4.jpg,IMG_0471.HEIC,4
